płeć,wiek,kierunek_wykształcenia,poziom_wykształcenia,Źródło,Student,Trans
Male,29,Computer Science,Master's degree,Kaggle 2017,NA,NA
Male,58,NA,Master's degree,Kaggle 2017,NA,NA
Female,23,Mathematics or statistics,Bachelor's degree,Kaggle 2017,NA,NA
Female,22,I never declared a major,Bachelor's degree,Kaggle 2017,NA,NA
Male,26,Mathematics or statistics,Master's degree,Kaggle 2017,NA,NA
Male,21,NA,I did not complete any formal education past high school,Kaggle 2017,NA,NA
Male,31,NA,NA,Kaggle 2017,NA,NA
Male,32,Physics,Doctoral degree,Kaggle 2017,NA,NA
Male,36,Computer Science,Master's degree,Kaggle 2017,NA,NA
Male,35,Electrical Engineering,Master's degree,Kaggle 2017,NA,NA
Male,24,Computer Science,Bachelor's degree,Kaggle 2017,NA,NA
Male,21,Computer Science,Bachelor's degree,Kaggle 2017,NA,NA
Male,26,Engineering (non-computer focused),Bachelor's degree,Kaggle 2017,NA,NA
Male,31,NA,NA,Kaggle 2017,NA,NA
Male,31,Computer Science,Master's degree,Kaggle 2017,NA,NA
Male,30,Mathematics or statistics,Master's degree,Kaggle 2017,NA,NA
Male,25,Computer Science,Bachelor's degree,Kaggle 2017,NA,NA
Male,25,Mathematics or statistics,Master's degree,Kaggle 2017,NA,NA
Male,27,Mathematics or statistics,Bachelor's degree,Kaggle 2017,NA,NA
Male,25,NA,Master's degree,Kaggle 2017,NA,NA
Male,36,Mathematics or statistics,Master's degree,Kaggle 2017,NA,NA
"Non-binary, genderqueer, or gender non-conforming",44,A humanities discipline,Doctoral degree,Kaggle 2017,NA,NA
Female,41,Mathematics or statistics,Master's degree,Kaggle 2017,NA,NA
Male,24,Mathematics or statistics,Bachelor's degree,Kaggle 2017,NA,NA
Female,29,NA,NA,Kaggle 2017,NA,NA
Male,29,"Information technology, networking, or system administration",Some college/university study without earning a bachelor's degree,Kaggle 2017,NA,NA
Male,34,Other,Master's degree,Kaggle 2017,NA,NA
Male,32,Mathematics or statistics,Master's degree,Kaggle 2017,NA,NA
Male,29,NA,NA,Kaggle 2017,NA,NA
Male,26,Computer Science,Master's degree,Kaggle 2017,NA,NA
Male,27,NA,NA,Kaggle 2017,NA,NA
Male,30,Mathematics or statistics,Master's degree,Kaggle 2017,NA,NA
Male,34,NA,Bachelor's degree,Kaggle 2017,NA,NA
Male,38,Computer Science,Master's degree,Kaggle 2017,NA,NA
Male,20,Computer Science,Some college/university study without earning a bachelor's degree,Kaggle 2017,NA,NA
Male,42,Physics,Master's degree,Kaggle 2017,NA,NA
Male,50,Computer Science,Doctoral degree,Kaggle 2017,NA,NA
Male,26,NA,Master's degree,Kaggle 2017,NA,NA
Male,57,Electrical Engineering,Doctoral degree,Kaggle 2017,NA,NA
Male,38,Physics,Master's degree,Kaggle 2017,NA,NA
Male,22,Mathematics or statistics,Master's degree,Kaggle 2017,NA,NA
Male,36,Mathematics or statistics,Master's degree,Kaggle 2017,NA,NA
Male,25,Mathematics or statistics,Master's degree,Kaggle 2017,NA,NA
Male,36,A social science,Master's degree,Kaggle 2017,NA,NA
Male,21,Other,Bachelor's degree,Kaggle 2017,NA,NA
Male,38,Mathematics or statistics,Master's degree,Kaggle 2017,NA,NA
Male,37,Electrical Engineering,Master's degree,Kaggle 2017,NA,NA
Male,26,Computer Science,Master's degree,Kaggle 2017,NA,NA
Male,32,A humanities discipline,Master's degree,Kaggle 2017,NA,NA
Male,34,NA,NA,Kaggle 2017,NA,NA
Male,20,Computer Science,Some college/university study without earning a bachelor's degree,Kaggle 2017,NA,NA
Male,32,Computer Science,Master's degree,Kaggle 2017,NA,NA
Male,24,Computer Science,Master's degree,Kaggle 2017,NA,NA
Male,32,NA,NA,Kaggle 2017,NA,NA
Male,34,NA,NA,Kaggle 2017,NA,NA
Male,40,Electrical Engineering,Doctoral degree,Kaggle 2017,NA,NA
Male,27,Other,Master's degree,Kaggle 2017,NA,NA
Male,47,NA,NA,Kaggle 2017,NA,NA
Male,30,NA,Master's degree,Kaggle 2017,NA,NA
Female,27,Computer Science,Master's degree,Kaggle 2017,NA,NA
Male,22,Computer Science,Some college/university study without earning a bachelor's degree,Kaggle 2017,NA,NA
Male,29,Mathematics or statistics,Master's degree,Kaggle 2017,NA,NA
Male,30,Physics,Master's degree,Kaggle 2017,NA,NA
Male,39,NA,NA,Kaggle 2017,NA,NA
Male,35,A social science,Master's degree,Kaggle 2017,NA,NA
Male,20,Computer Science,Some college/university study without earning a bachelor's degree,Kaggle 2017,NA,NA
Male,29,Mathematics or statistics,Master's degree,Kaggle 2017,NA,NA
Male,29,NA,Master's degree,Kaggle 2017,NA,NA
Female,23,Physics,Bachelor's degree,Kaggle 2017,NA,NA
Male,22,NA,Bachelor's degree,Kaggle 2017,NA,NA
Male,28,Computer Science,Master's degree,Kaggle 2017,NA,NA
Male,22,Computer Science,Bachelor's degree,Kaggle 2017,NA,NA
Male,17,NA,NA,Kaggle 2017,NA,NA
Male,28,Electrical Engineering,Master's degree,Kaggle 2017,NA,NA
Male,30,Electrical Engineering,Doctoral degree,Kaggle 2017,NA,NA
Male,27,NA,Bachelor's degree,Kaggle 2017,NA,NA
Male,28,Computer Science,Master's degree,Kaggle 2017,NA,NA
Male,30,Computer Science,Master's degree,Kaggle 2017,NA,NA
Male,28,Computer Science,Master's degree,Kaggle 2017,NA,NA
Female,32,Mathematics or statistics,Master's degree,Kaggle 2017,NA,NA
Male,25,NA,Master's degree,Kaggle 2017,NA,NA
Male,47,Electrical Engineering,Master's degree,Kaggle 2017,NA,NA
Male,28,Engineering (non-computer focused),Master's degree,Kaggle 2017,NA,NA
Male,31,NA,NA,Kaggle 2017,NA,NA
Male,21,Computer Science,Some college/university study without earning a bachelor's degree,Kaggle 2017,NA,NA
Male,29,Computer Science,Doctoral degree,Kaggle 2017,NA,NA
Male,33,NA,Master's degree,Kaggle 2017,NA,NA
Male,25,NA,NA,Kaggle 2017,NA,NA
Male,26,NA,Master's degree,Kaggle 2017,NA,NA
Male,29,A social science,Doctoral degree,Kaggle 2017,NA,NA
Male,31,"Information technology, networking, or system administration",Doctoral degree,Kaggle 2017,NA,NA
Male,23,Computer Science,Bachelor's degree,Kaggle 2017,NA,NA
Male,34,Mathematics or statistics,Master's degree,Kaggle 2017,NA,NA
Male,38,Psychology,Master's degree,Kaggle 2017,NA,NA
Male,27,Computer Science,Master's degree,Kaggle 2017,NA,NA
Male,33,Mathematics or statistics,Master's degree,Kaggle 2017,NA,NA
Male,35,Mathematics or statistics,Master's degree,Kaggle 2017,NA,NA
Male,24,Computer Science,Master's degree,Kaggle 2017,NA,NA
Male,31,Psychology,Master's degree,Kaggle 2017,NA,NA
Male,37,A social science,Doctoral degree,Kaggle 2017,NA,NA
Female,27,Physics,Master's degree,Kaggle 2017,NA,NA
Female,30,NA,NA,Kaggle 2017,NA,NA
Female,24,NA,NA,Kaggle 2017,NA,NA
Male,27,Engineering (non-computer focused),Master's degree,Kaggle 2017,NA,NA
Male,26,Physics,Master's degree,Kaggle 2017,NA,NA
Male,29,NA,NA,Kaggle 2017,NA,NA
Male,41,Computer Science,Bachelor's degree,Kaggle 2017,NA,NA
Male,23,Computer Science,Bachelor's degree,Kaggle 2017,NA,NA
Male,48,Physics,Doctoral degree,Kaggle 2017,NA,NA
A different identity,42,NA,Professional degree,Kaggle 2017,NA,NA
Male,37,NA,NA,Kaggle 2017,NA,NA
Female,24,Physics,Master's degree,Kaggle 2017,NA,NA
Male,28,Mathematics or statistics,Master's degree,Kaggle 2017,NA,NA
Male,24,Computer Science,Master's degree,Kaggle 2017,NA,NA
Female,26,NA,NA,Kaggle 2017,NA,NA
Male,34,NA,NA,Kaggle 2017,NA,NA
Male,22,NA,NA,Kaggle 2017,NA,NA
Male,33,NA,NA,Kaggle 2017,NA,NA
Male,26,Computer Science,Master's degree,Kaggle 2017,NA,NA
Male,38,NA,Master's degree,Kaggle 2017,NA,NA
Male,25,Computer Science,Master's degree,Kaggle 2017,NA,NA
Male,40,Mathematics or statistics,Master's degree,Kaggle 2017,NA,NA
Male,37,NA,Doctoral degree,Kaggle 2017,NA,NA
Male,42,NA,Master's degree,Kaggle 2017,NA,NA
Male,25,Computer Science,Master's degree,Kaggle 2017,NA,NA
Male,22,Computer Science,Bachelor's degree,Kaggle 2017,NA,NA
Male,25,Mathematics or statistics,Bachelor's degree,Kaggle 2017,NA,NA
Female,36,NA,NA,Kaggle 2017,NA,NA
Male,37,Computer Science,Doctoral degree,Kaggle 2017,NA,NA
Male,24,NA,NA,Kaggle 2017,NA,NA
Male,25-29,"Computer science (software engineering, etc.)",Master’s degree,Kaggle 2018,NA,NA
Male,35-39,"A business discipline (accounting, economics, finance, etc.)",Master’s degree,Kaggle 2018,NA,NA
Male,35-39,"Computer science (software engineering, etc.)",Master’s degree,Kaggle 2018,NA,NA
Male,40-44,"Medical or life sciences (biology, chemistry, medicine, etc.)",Master’s degree,Kaggle 2018,NA,NA
Male,22-24,Mathematics or statistics,Master’s degree,Kaggle 2018,NA,NA
Male,30-34,Mathematics or statistics,Master’s degree,Kaggle 2018,NA,NA
Male,25-29,Mathematics or statistics,Master’s degree,Kaggle 2018,NA,NA
Male,18-21,"Computer science (software engineering, etc.)",Bachelor’s degree,Kaggle 2018,NA,NA
Female,25-29,"Information technology, networking, or system administration",Master’s degree,Kaggle 2018,NA,NA
Male,25-29,"Social sciences (anthropology, psychology, sociology, etc.)",Doctoral degree,Kaggle 2018,NA,NA
Female,22-24,Mathematics or statistics,Master’s degree,Kaggle 2018,NA,NA
Male,30-34,"Social sciences (anthropology, psychology, sociology, etc.)",Master’s degree,Kaggle 2018,NA,NA
Male,25-29,"Computer science (software engineering, etc.)",Master’s degree,Kaggle 2018,NA,NA
Male,25-29,Mathematics or statistics,Master’s degree,Kaggle 2018,NA,NA
Male,35-39,Mathematics or statistics,Doctoral degree,Kaggle 2018,NA,NA
Male,25-29,Engineering (non-computer focused),Doctoral degree,Kaggle 2018,NA,NA
Male,25-29,Physics or astronomy,Doctoral degree,Kaggle 2018,NA,NA
Male,30-34,"Computer science (software engineering, etc.)",Master’s degree,Kaggle 2018,NA,NA
Male,25-29,Engineering (non-computer focused),Master’s degree,Kaggle 2018,NA,NA
Male,22-24,Physics or astronomy,Bachelor’s degree,Kaggle 2018,NA,NA
Male,22-24,Mathematics or statistics,Master’s degree,Kaggle 2018,NA,NA
Male,25-29,"Computer science (software engineering, etc.)",Master’s degree,Kaggle 2018,NA,NA
Male,30-34,Mathematics or statistics,Master’s degree,Kaggle 2018,NA,NA
Male,25-29,"Computer science (software engineering, etc.)",Bachelor’s degree,Kaggle 2018,NA,NA
Male,25-29,Engineering (non-computer focused),Master’s degree,Kaggle 2018,NA,NA
Male,25-29,Engineering (non-computer focused),Master’s degree,Kaggle 2018,NA,NA
Male,25-29,"Computer science (software engineering, etc.)",Master’s degree,Kaggle 2018,NA,NA
Male,22-24,"Computer science (software engineering, etc.)",Bachelor’s degree,Kaggle 2018,NA,NA
Male,25-29,"A business discipline (accounting, economics, finance, etc.)",Master’s degree,Kaggle 2018,NA,NA
Male,25-29,Mathematics or statistics,Master’s degree,Kaggle 2018,NA,NA
Male,25-29,"Computer science (software engineering, etc.)",Master’s degree,Kaggle 2018,NA,NA
Male,25-29,Mathematics or statistics,Master’s degree,Kaggle 2018,NA,NA
Male,40-44,Physics or astronomy,Doctoral degree,Kaggle 2018,NA,NA
Male,25-29,Mathematics or statistics,Master’s degree,Kaggle 2018,NA,NA
Male,22-24,"Computer science (software engineering, etc.)",Master’s degree,Kaggle 2018,NA,NA
Male,35-39,Physics or astronomy,Bachelor’s degree,Kaggle 2018,NA,NA
Male,25-29,"Computer science (software engineering, etc.)",Doctoral degree,Kaggle 2018,NA,NA
Female,35-39,Mathematics or statistics,Bachelor’s degree,Kaggle 2018,NA,NA
Male,25-29,"Computer science (software engineering, etc.)",Some college/university study without earning a bachelor’s degree,Kaggle 2018,NA,NA
Male,30-34,Mathematics or statistics,Doctoral degree,Kaggle 2018,NA,NA
Male,30-34,Engineering (non-computer focused),Bachelor’s degree,Kaggle 2018,NA,NA
Male,25-29,"Computer science (software engineering, etc.)",Master’s degree,Kaggle 2018,NA,NA
Male,30-34,"Computer science (software engineering, etc.)",Master’s degree,Kaggle 2018,NA,NA
Male,50-54,"Medical or life sciences (biology, chemistry, medicine, etc.)",Master’s degree,Kaggle 2018,NA,NA
Male,22-24,"Computer science (software engineering, etc.)",Master’s degree,Kaggle 2018,NA,NA
Male,22-24,"Computer science (software engineering, etc.)",Master’s degree,Kaggle 2018,NA,NA
Male,25-29,Other,Master’s degree,Kaggle 2018,NA,NA
Male,25-29,Engineering (non-computer focused),Doctoral degree,Kaggle 2018,NA,NA
Male,40-44,"Computer science (software engineering, etc.)",Master’s degree,Kaggle 2018,NA,NA
Female,25-29,"Computer science (software engineering, etc.)",Some college/university study without earning a bachelor’s degree,Kaggle 2018,NA,NA
Male,22-24,"Computer science (software engineering, etc.)",Bachelor’s degree,Kaggle 2018,NA,NA
Male,30-34,"Computer science (software engineering, etc.)",Master’s degree,Kaggle 2018,NA,NA
Male,25-29,"Computer science (software engineering, etc.)",Doctoral degree,Kaggle 2018,NA,NA
Male,40-44,"Medical or life sciences (biology, chemistry, medicine, etc.)",Master’s degree,Kaggle 2018,NA,NA
Female,22-24,"A business discipline (accounting, economics, finance, etc.)",Master’s degree,Kaggle 2018,NA,NA
Male,25-29,Mathematics or statistics,Master’s degree,Kaggle 2018,NA,NA
Male,22-24,"Information technology, networking, or system administration",Bachelor’s degree,Kaggle 2018,NA,NA
Male,30-34,Environmental science or geology,Master’s degree,Kaggle 2018,NA,NA
Male,25-29,"Computer science (software engineering, etc.)",Master’s degree,Kaggle 2018,NA,NA
Female,22-24,Engineering (non-computer focused),Master’s degree,Kaggle 2018,NA,NA
Female,35-39,Physics or astronomy,Master’s degree,Kaggle 2018,NA,NA
Male,35-39,"Computer science (software engineering, etc.)",Master’s degree,Kaggle 2018,NA,NA
Male,35-39,"Computer science (software engineering, etc.)",Some college/university study without earning a bachelor’s degree,Kaggle 2018,NA,NA
Male,25-29,Physics or astronomy,Master’s degree,Kaggle 2018,NA,NA
Prefer not to say,25-29,"A business discipline (accounting, economics, finance, etc.)",Master’s degree,Kaggle 2018,NA,NA
Female,45-49,"Computer science (software engineering, etc.)",Master’s degree,Kaggle 2018,NA,NA
Female,25-29,"Social sciences (anthropology, psychology, sociology, etc.)",Master’s degree,Kaggle 2018,NA,NA
Male,30-34,"A business discipline (accounting, economics, finance, etc.)",Master’s degree,Kaggle 2018,NA,NA
Male,35-39,"Computer science (software engineering, etc.)",Bachelor’s degree,Kaggle 2018,NA,NA
Male,40-44,Engineering (non-computer focused),Doctoral degree,Kaggle 2018,NA,NA
Female,25-29,"Computer science (software engineering, etc.)",Master’s degree,Kaggle 2018,NA,NA
Male,35-39,"Computer science (software engineering, etc.)",Bachelor’s degree,Kaggle 2018,NA,NA
Male,30-34,Mathematics or statistics,Master’s degree,Kaggle 2018,NA,NA
Male,30-34,"Computer science (software engineering, etc.)",Bachelor’s degree,Kaggle 2018,NA,NA
Male,40-44,Engineering (non-computer focused),Doctoral degree,Kaggle 2018,NA,NA
Male,30-34,Mathematics or statistics,Master’s degree,Kaggle 2018,NA,NA
Male,25-29,"A business discipline (accounting, economics, finance, etc.)",Master’s degree,Kaggle 2018,NA,NA
Male,30-34,"Computer science (software engineering, etc.)",Doctoral degree,Kaggle 2018,NA,NA
Male,35-39,"Information technology, networking, or system administration",Master’s degree,Kaggle 2018,NA,NA
Male,18-21,"Computer science (software engineering, etc.)",Master’s degree,Kaggle 2018,NA,NA
Female,35-39,Environmental science or geology,Master’s degree,Kaggle 2018,NA,NA
Male,25-29,"Computer science (software engineering, etc.)",Master’s degree,Kaggle 2018,NA,NA
Male,45-49,"Computer science (software engineering, etc.)",Master’s degree,Kaggle 2018,NA,NA
Male,22-24,Other,Master’s degree,Kaggle 2018,NA,NA
Male,40-44,"Humanities (history, literature, philosophy, etc.)",Doctoral degree,Kaggle 2018,NA,NA
Male,25-29,"A business discipline (accounting, economics, finance, etc.)",Master’s degree,Kaggle 2018,NA,NA
Male,25-29,"Computer science (software engineering, etc.)",Master’s degree,Kaggle 2018,NA,NA
Male,30-34,"Computer science (software engineering, etc.)",Bachelor’s degree,Kaggle 2018,NA,NA
Male,25-29,"Computer science (software engineering, etc.)",Bachelor’s degree,Kaggle 2018,NA,NA
Male,25-29,"Computer science (software engineering, etc.)",Doctoral degree,Kaggle 2018,NA,NA
Male,35-39,"Computer science (software engineering, etc.)",Master’s degree,Kaggle 2018,NA,NA
Male,35-39,Mathematics or statistics,Doctoral degree,Kaggle 2018,NA,NA
Male,22-24,"Computer science (software engineering, etc.)",Master’s degree,Kaggle 2018,NA,NA
Male,35-39,Physics or astronomy,Bachelor’s degree,Kaggle 2018,NA,NA
Male,30-34,"Social sciences (anthropology, psychology, sociology, etc.)",Master’s degree,Kaggle 2018,NA,NA
Male,18-21,"Computer science (software engineering, etc.)",Bachelor’s degree,Kaggle 2018,NA,NA
Prefer not to say,50-54,Engineering (non-computer focused),Doctoral degree,Kaggle 2018,NA,NA
Male,40-44,Physics or astronomy,Doctoral degree,Kaggle 2018,NA,NA
Female,50-54,Mathematics or statistics,Master’s degree,Kaggle 2018,NA,NA
Female,25-29,"A business discipline (accounting, economics, finance, etc.)",Master’s degree,Kaggle 2018,NA,NA
Male,25-29,Mathematics or statistics,Bachelor’s degree,Kaggle 2018,NA,NA
Female,30-34,"A business discipline (accounting, economics, finance, etc.)",Master’s degree,Kaggle 2018,NA,NA
Male,25-29,"Computer science (software engineering, etc.)",I prefer not to answer,Kaggle 2018,NA,NA
Female,25-29,Mathematics or statistics,Master’s degree,Kaggle 2018,NA,NA
Female,30-34,Engineering (non-computer focused),Doctoral degree,Kaggle 2018,NA,NA
Male,22-24,"Information technology, networking, or system administration",Master’s degree,Kaggle 2018,NA,NA
Male,30-34,Mathematics or statistics,Professional degree,Kaggle 2018,NA,NA
Male,22-24,"Computer science (software engineering, etc.)",Bachelor’s degree,Kaggle 2018,NA,NA
Male,25-29,"Computer science (software engineering, etc.)",Master’s degree,Kaggle 2018,NA,NA
Male,35-39,"Computer science (software engineering, etc.)",Master’s degree,Kaggle 2018,NA,NA
Female,35-39,"A business discipline (accounting, economics, finance, etc.)",Doctoral degree,Kaggle 2018,NA,NA
Male,50-54,"Medical or life sciences (biology, chemistry, medicine, etc.)",Master’s degree,Kaggle 2018,NA,NA
Female,22-24,Engineering (non-computer focused),Master’s degree,Kaggle 2018,NA,NA
Male,25-29,"Computer science (software engineering, etc.)",Master’s degree,Kaggle 2018,NA,NA
Male,22-24,"Humanities (history, literature, philosophy, etc.)",Master’s degree,Kaggle 2018,NA,NA
Male,30-34,"Information technology, networking, or system administration",Some college/university study without earning a bachelor’s degree,Kaggle 2018,NA,NA
Male,30-34,"A business discipline (accounting, economics, finance, etc.)",Master’s degree,Kaggle 2018,NA,NA
Male,40-44,"Information technology, networking, or system administration",Master’s degree,Kaggle 2018,NA,NA
Female,25-29,Physics or astronomy,Doctoral degree,Kaggle 2018,NA,NA
Male,30-34,Physics or astronomy,Doctoral degree,Kaggle 2018,NA,NA
Female,35-39,Mathematics or statistics,Doctoral degree,Kaggle 2018,NA,NA
Male,18-21,Mathematics or statistics,Some college/university study without earning a bachelor’s degree,Kaggle 2018,NA,NA
Male,22-24,"Information technology, networking, or system administration",Master’s degree,Kaggle 2018,NA,NA
Male,30-34,Mathematics or statistics,Master’s degree,Kaggle 2018,NA,NA
Male,22-24,"Computer science (software engineering, etc.)",Master’s degree,Kaggle 2018,NA,NA
Male,30-34,"Computer science (software engineering, etc.)",Doctoral degree,Kaggle 2018,NA,NA
Male,35-39,Environmental science or geology,Doctoral degree,Kaggle 2018,NA,NA
Male,55-59,"Computer science (software engineering, etc.)",Master’s degree,Kaggle 2018,NA,NA
Male,35-39,Mathematics or statistics,Doctoral degree,Kaggle 2018,NA,NA
Male,40-44,"Computer science (software engineering, etc.)",Doctoral degree,Kaggle 2018,NA,NA
Male,22-24,"Social sciences (anthropology, psychology, sociology, etc.)",Master’s degree,Kaggle 2018,NA,NA
Male,45-49,"A business discipline (accounting, economics, finance, etc.)",Master’s degree,Kaggle 2018,NA,NA
Female,30-34,"Social sciences (anthropology, psychology, sociology, etc.)",Master’s degree,Kaggle 2018,NA,NA
Male,30-34,"A business discipline (accounting, economics, finance, etc.)",Master’s degree,Kaggle 2018,NA,NA
Male,30-34,NA,No formal education past high school,Kaggle 2018,NA,NA
Male,22-24,"Computer science (software engineering, etc.)",Master’s degree,Kaggle 2018,NA,NA
Male,22-24,Mathematics or statistics,Master’s degree,Kaggle 2018,NA,NA
Male,25-29,Physics or astronomy,Master’s degree,Kaggle 2018,NA,NA
Male,25-29,"Computer science (software engineering, etc.)",Doctoral degree,Kaggle 2018,NA,NA
Male,25-29,"A business discipline (accounting, economics, finance, etc.)",Master’s degree,Kaggle 2018,NA,NA
Male,22-24,Engineering (non-computer focused),Master’s degree,Kaggle 2018,NA,NA
Male,30-34,Physics or astronomy,Doctoral degree,Kaggle 2018,NA,NA
Female,22-24,"Computer science (software engineering, etc.)",Master’s degree,Kaggle 2018,NA,NA
Male,25-29,"Information technology, networking, or system administration",Master’s degree,Kaggle 2018,NA,NA
Male,25-29,Engineering (non-computer focused),Doctoral degree,Kaggle 2018,NA,NA
Male,18-21,"Computer science (software engineering, etc.)",Bachelor’s degree,Kaggle 2018,NA,NA
Male,30-34,"Computer science (software engineering, etc.)",Doctoral degree,Kaggle 2018,NA,NA
Female,22-24,"A business discipline (accounting, economics, finance, etc.)",Bachelor’s degree,Kaggle 2018,NA,NA
Male,35-39,"Computer science (software engineering, etc.)",Master’s degree,Kaggle 2018,NA,NA
Female,18-21,"Computer science (software engineering, etc.)",Bachelor’s degree,Kaggle 2018,NA,NA
Female,30-34,"Computer science (software engineering, etc.)",Master’s degree,Kaggle 2018,NA,NA
Male,22-24,Mathematics or statistics,Master’s degree,Kaggle 2018,NA,NA
Male,25-29,Mathematics or statistics,Doctoral degree,Kaggle 2018,NA,NA
Male,40-44,"Computer science (software engineering, etc.)",Doctoral degree,Kaggle 2018,NA,NA
Male,30-34,NA,No formal education past high school,Kaggle 2018,NA,NA
Male,35-39,"A business discipline (accounting, economics, finance, etc.)",Master’s degree,Kaggle 2018,NA,NA
Male,35-39,Physics or astronomy,Master’s degree,Kaggle 2018,NA,NA
Male,25-29,"Computer science (software engineering, etc.)",Bachelor’s degree,Kaggle 2018,NA,NA
Male,22-24,Mathematics or statistics,Master’s degree,Kaggle 2018,NA,NA
Male,22-24,"A business discipline (accounting, economics, finance, etc.)",Master’s degree,Kaggle 2018,NA,NA
Male,25-29,"Computer science (software engineering, etc.)",Doctoral degree,Kaggle 2018,NA,NA
Male,25-29,"A business discipline (accounting, economics, finance, etc.)",Master’s degree,Kaggle 2018,NA,NA
Female,25-29,Mathematics or statistics,Master’s degree,Kaggle 2018,NA,NA
Male,25-29,"Social sciences (anthropology, psychology, sociology, etc.)",Master’s degree,Kaggle 2018,NA,NA
Male,25-29,"Computer science (software engineering, etc.)",Professional degree,Kaggle 2018,NA,NA
Male,25-29,"Computer science (software engineering, etc.)",Master’s degree,Kaggle 2018,NA,NA
Prefer not to say,25-29,Mathematics or statistics,Bachelor’s degree,Kaggle 2018,NA,NA
Female,25-29,"Computer science (software engineering, etc.)",Master’s degree,Kaggle 2018,NA,NA
Male,25-29,Mathematics or statistics,Master’s degree,Kaggle 2018,NA,NA
Male,25-29,"Computer science (software engineering, etc.)",Bachelor’s degree,Kaggle 2018,NA,NA
Male,22-24,Physics or astronomy,Master’s degree,Kaggle 2018,NA,NA
Male,25-29,"Computer science (software engineering, etc.)",Doctoral degree,Kaggle 2018,NA,NA
Male,30-34,Engineering (non-computer focused),Master’s degree,Kaggle 2018,NA,NA
Male,25-29,NA,NA,Kaggle 2018,NA,NA
Male,30-34,Physics or astronomy,Master’s degree,Kaggle 2018,NA,NA
Male,25-29,"Computer science (software engineering, etc.)",Master’s degree,Kaggle 2018,NA,NA
Female,22-24,"Computer science (software engineering, etc.)",Master’s degree,Kaggle 2018,NA,NA
Male,30-34,Other,Master’s degree,Kaggle 2018,NA,NA
Female,40-44,Mathematics or statistics,Master’s degree,Kaggle 2018,NA,NA
Male,25-29,"Computer science (software engineering, etc.)",Master’s degree,Kaggle 2018,NA,NA
Male,22-24,"Information technology, networking, or system administration",Bachelor’s degree,Kaggle 2018,NA,NA
Male,22-24,NA,No formal education past high school,Kaggle 2018,NA,NA
Male,40-44,"A business discipline (accounting, economics, finance, etc.)",Master’s degree,Kaggle 2018,NA,NA
Female,18-21,"A business discipline (accounting, economics, finance, etc.)",Bachelor’s degree,Kaggle 2018,NA,NA
Male,22-24,"Computer science (software engineering, etc.)",Master’s degree,Kaggle 2018,NA,NA
Male,40-44,Mathematics or statistics,Master’s degree,Kaggle 2018,NA,NA
Male,25-29,Mathematics or statistics,Bachelor’s degree,Kaggle 2018,NA,NA
Male,35-39,Mathematics or statistics,Master’s degree,Kaggle 2018,NA,NA
Male,35-39,Mathematics or statistics,Professional degree,Kaggle 2018,NA,NA
Male,22-24,Mathematics or statistics,Master’s degree,Kaggle 2018,NA,NA
Male,60-69,"Computer science (software engineering, etc.)",Master’s degree,Kaggle 2018,NA,NA
Male,22-24,NA,NA,Kaggle 2018,NA,NA
Male,25-29,NA,Master’s degree,Kaggle 2018,NA,NA
Male,30-34,"Humanities (history, literature, philosophy, etc.)",Master’s degree,Kaggle 2018,NA,NA
Male,25-29,"Information technology, networking, or system administration",Bachelor’s degree,Kaggle 2018,NA,NA
Male,25-29,Engineering (non-computer focused),Master’s degree,Kaggle 2018,NA,NA
Female,22-24,"A business discipline (accounting, economics, finance, etc.)",Master’s degree,Kaggle 2018,NA,NA
Female,25-29,"Computer science (software engineering, etc.)",Master’s degree,Kaggle 2018,NA,NA
Male,30-34,NA,Master’s degree,Kaggle 2018,NA,NA
Male,25-29,Mathematics or statistics,Master’s degree,Kaggle 2018,NA,NA
Male,30-34,"Computer science (software engineering, etc.)",Doctoral degree,Kaggle 2018,NA,NA
Female,30-34,"Information technology, networking, or system administration",Master’s degree,Kaggle 2018,NA,NA
Male,22-24,"Computer science (software engineering, etc.)",Master’s degree,Kaggle 2018,NA,NA
Female,30-34,I never declared a major,Doctoral degree,Kaggle 2018,NA,NA
Female,22-24,Physics or astronomy,Master’s degree,Kaggle 2018,NA,NA
Male,25-29,Physics or astronomy,Master’s degree,Kaggle 2018,NA,NA
Female,40-44,"Computer science (software engineering, etc.)",Doctoral degree,Kaggle 2018,NA,NA
Male,18-21,"Computer science (software engineering, etc.)",Bachelor’s degree,Kaggle 2018,NA,NA
Male,25-29,Mathematics or statistics,Master’s degree,Kaggle 2018,NA,NA
Male,18-21,"A business discipline (accounting, economics, finance, etc.)",Master’s degree,Kaggle 2018,NA,NA
Male,18-21,"Computer science (software engineering, etc.)",Bachelor’s degree,Kaggle 2018,NA,NA
Male,30-34,"A business discipline (accounting, economics, finance, etc.)",Master’s degree,Kaggle 2018,NA,NA
Female,30-34,Mathematics or statistics,Master’s degree,Kaggle 2018,NA,NA
Male,35-39,"Computer science (software engineering, etc.)",Master’s degree,Kaggle 2018,NA,NA
Male,25-29,NA,NA,Kaggle 2018,NA,NA
Male,22-24,"Computer science (software engineering, etc.)",Master’s degree,Kaggle 2018,NA,NA
Male,30-34,Mathematics or statistics,Master’s degree,Kaggle 2018,NA,NA
Female,35-39,"Information technology, networking, or system administration",Master’s degree,Kaggle 2018,NA,NA
Female,25-29,Physics or astronomy,Professional degree,Kaggle 2018,NA,NA
Male,25-29,"Computer science (software engineering, etc.)",Bachelor’s degree,Kaggle 2018,NA,NA
Male,22-24,"Information technology, networking, or system administration",Bachelor’s degree,Kaggle 2018,NA,NA
Male,18-21,"A business discipline (accounting, economics, finance, etc.)",Master’s degree,Kaggle 2018,NA,NA
Male,35-39,"Computer science (software engineering, etc.)",Master’s degree,Kaggle 2018,NA,NA
Male,22-24,Physics or astronomy,Bachelor’s degree,Kaggle 2018,NA,NA
Male,18-21,Mathematics or statistics,Some college/university study without earning a bachelor’s degree,Kaggle 2018,NA,NA
Male,35-39,Engineering (non-computer focused),Master’s degree,Kaggle 2018,NA,NA
Male,25-29,Engineering (non-computer focused),Master’s degree,Kaggle 2018,NA,NA
Female,35-39,"Computer science (software engineering, etc.)",Master’s degree,Kaggle 2018,NA,NA
Male,18-21,"Computer science (software engineering, etc.)",Bachelor’s degree,Kaggle 2018,NA,NA
Male,55-59,"Medical or life sciences (biology, chemistry, medicine, etc.)",Master’s degree,Kaggle 2018,NA,NA
Female,22-24,NA,NA,Kaggle 2018,NA,NA
Female,25-29,Mathematics or statistics,Master’s degree,Kaggle 2018,NA,NA
Male,18-21,"Computer science (software engineering, etc.)",Some college/university study without earning a bachelor’s degree,Kaggle 2018,NA,NA
Male,40-44,"Computer science (software engineering, etc.)",Master’s degree,Kaggle 2018,NA,NA
Male,22-24,"Computer science (software engineering, etc.)",Bachelor’s degree,Kaggle 2018,NA,NA
Female,22-24,"Computer science (software engineering, etc.)",Some college/university study without earning a bachelor’s degree,Kaggle 2018,NA,NA
Female,22-24,"Social sciences (anthropology, psychology, sociology, etc.)",Master’s degree,Kaggle 2018,NA,NA
Female,25-29,"Social sciences (anthropology, psychology, sociology, etc.)",Master’s degree,Kaggle 2018,NA,NA
Male,30-34,"Social sciences (anthropology, psychology, sociology, etc.)",Doctoral degree,Kaggle 2018,NA,NA
Male,18-21,"Computer science (software engineering, etc.)",Bachelor’s degree,Kaggle 2018,NA,NA
Male,25-29,"Computer science (software engineering, etc.)",Master’s degree,Kaggle 2018,NA,NA
Male,22-24,NA,NA,Kaggle 2018,NA,NA
Male,22-24,"Computer science (software engineering, etc.)",Doctoral degree,Kaggle 2018,NA,NA
Male,55-59,Engineering (non-computer focused),Master’s degree,Kaggle 2018,NA,NA
Male,22-24,"Computer science (software engineering, etc.)",Master’s degree,Kaggle 2018,NA,NA
Male,45-49,"A business discipline (accounting, economics, finance, etc.)",Master’s degree,Kaggle 2018,NA,NA
Prefer not to say,22-24,"Computer science (software engineering, etc.)",Master’s degree,Kaggle 2018,NA,NA
Male,40-44,Physics or astronomy,Doctoral degree,Kaggle 2018,NA,NA
Male,25-29,Physics or astronomy,Master’s degree,Kaggle 2018,NA,NA
Male,25-29,Mathematics or statistics,Master’s degree,Kaggle 2018,NA,NA
Male,22-24,"Computer science (software engineering, etc.)",Some college/university study without earning a bachelor’s degree,Kaggle 2018,NA,NA
Male,22-24,NA,NA,Kaggle 2018,NA,NA
Male,25 - 34 years old,"Computer science, computer engineering, or software engineering","Master’s degree (MA, MS, M.Eng., MBA, etc.)",Stack Overflow 2018,No,NA
NA,NA,"Computer science, computer engineering, or software engineering","Master’s degree (MA, MS, M.Eng., MBA, etc.)",Stack Overflow 2018,No,NA
Male,18 - 24 years old,"A natural science (ex. biology, chemistry, physics)","Master’s degree (MA, MS, M.Eng., MBA, etc.)",Stack Overflow 2018,No,NA
NA,NA,"Another engineering discipline (ex. civil, electrical, mechanical)","Master’s degree (MA, MS, M.Eng., MBA, etc.)",Stack Overflow 2018,No,NA
Male,25 - 34 years old,"Computer science, computer engineering, or software engineering","Master’s degree (MA, MS, M.Eng., MBA, etc.)",Stack Overflow 2018,No,NA
Male,25 - 34 years old,"Computer science, computer engineering, or software engineering","Master’s degree (MA, MS, M.Eng., MBA, etc.)",Stack Overflow 2018,No,NA
Male,25 - 34 years old,"Computer science, computer engineering, or software engineering","Bachelor’s degree (BA, BS, B.Eng., etc.)",Stack Overflow 2018,No,NA
NA,NA,Mathematics or statistics,"Bachelor’s degree (BA, BS, B.Eng., etc.)",Stack Overflow 2018,No,NA
Male,25 - 34 years old,Mathematics or statistics,"Master’s degree (MA, MS, M.Eng., MBA, etc.)",Stack Overflow 2018,No,NA
Male,18 - 24 years old,"Computer science, computer engineering, or software engineering","Bachelor’s degree (BA, BS, B.Eng., etc.)",Stack Overflow 2018,"Yes, full-time",NA
Male,18 - 24 years old,"Computer science, computer engineering, or software engineering","Master’s degree (MA, MS, M.Eng., MBA, etc.)",Stack Overflow 2018,"Yes, full-time",NA
Male,35 - 44 years old,"Another engineering discipline (ex. civil, electrical, mechanical)","Master’s degree (MA, MS, M.Eng., MBA, etc.)",Stack Overflow 2018,No,NA
Male,18 - 24 years old,"Computer science, computer engineering, or software engineering","Bachelor’s degree (BA, BS, B.Eng., etc.)",Stack Overflow 2018,"Yes, full-time",NA
Male,35 - 44 years old,"Computer science, computer engineering, or software engineering","Master’s degree (MA, MS, M.Eng., MBA, etc.)",Stack Overflow 2018,"Yes, part-time",NA
Male,18 - 24 years old,"Computer science, computer engineering, or software engineering","Bachelor’s degree (BA, BS, B.Eng., etc.)",Stack Overflow 2018,"Yes, full-time",NA
Male,25 - 34 years old,"A social science (ex. anthropology, psychology, political science)","Master’s degree (MA, MS, M.Eng., MBA, etc.)",Stack Overflow 2018,No,NA
NA,NA,"Computer science, computer engineering, or software engineering","Master’s degree (MA, MS, M.Eng., MBA, etc.)",Stack Overflow 2018,"Yes, full-time",NA
Female,25 - 34 years old,Mathematics or statistics,"Master’s degree (MA, MS, M.Eng., MBA, etc.)",Stack Overflow 2018,No,NA
Male,18 - 24 years old,"A natural science (ex. biology, chemistry, physics)","Bachelor’s degree (BA, BS, B.Eng., etc.)",Stack Overflow 2018,No,NA
Male,25 - 34 years old,"Another engineering discipline (ex. civil, electrical, mechanical)",Some college/university study without earning a degree,Stack Overflow 2018,No,NA
NA,NA,NA,"Secondary school (e.g. American high school, German Realschule or Gymnasium, etc.)",Stack Overflow 2018,"Yes, full-time",NA
NA,NA,"Computer science, computer engineering, or software engineering","Master’s degree (MA, MS, M.Eng., MBA, etc.)",Stack Overflow 2018,No,NA
NA,NA,Mathematics or statistics,"Master’s degree (MA, MS, M.Eng., MBA, etc.)",Stack Overflow 2018,No,NA
Male,25 - 34 years old,"Computer science, computer engineering, or software engineering","Master’s degree (MA, MS, M.Eng., MBA, etc.)",Stack Overflow 2018,No,NA
Male,35 - 44 years old,"Computer science, computer engineering, or software engineering","Master’s degree (MA, MS, M.Eng., MBA, etc.)",Stack Overflow 2018,"Yes, full-time",NA
NA,25 - 34 years old,"Another engineering discipline (ex. civil, electrical, mechanical)","Master’s degree (MA, MS, M.Eng., MBA, etc.)",Stack Overflow 2018,No,NA
NA,NA,"Computer science, computer engineering, or software engineering","Bachelor’s degree (BA, BS, B.Eng., etc.)",Stack Overflow 2018,"Yes, full-time",NA
NA,NA,"Information systems, information technology, or system administration","Master’s degree (MA, MS, M.Eng., MBA, etc.)",Stack Overflow 2018,No,NA
NA,NA,"Computer science, computer engineering, or software engineering","Master’s degree (MA, MS, M.Eng., MBA, etc.)",Stack Overflow 2018,No,NA
Male,25 - 34 years old,"Computer science, computer engineering, or software engineering","Master’s degree (MA, MS, M.Eng., MBA, etc.)",Stack Overflow 2018,"Yes, part-time",NA
NA,NA,"Computer science, computer engineering, or software engineering","Bachelor’s degree (BA, BS, B.Eng., etc.)",Stack Overflow 2018,No,NA
Female,25 - 34 years old,"A natural science (ex. biology, chemistry, physics)","Master’s degree (MA, MS, M.Eng., MBA, etc.)",Stack Overflow 2018,No,NA
Male,25 - 34 years old,"A social science (ex. anthropology, psychology, political science)","Bachelor’s degree (BA, BS, B.Eng., etc.)",Stack Overflow 2018,No,NA
NA,NA,"Computer science, computer engineering, or software engineering","Master’s degree (MA, MS, M.Eng., MBA, etc.)",Stack Overflow 2018,No,NA
Male,25 - 34 years old,"Computer science, computer engineering, or software engineering","Master’s degree (MA, MS, M.Eng., MBA, etc.)",Stack Overflow 2018,No,NA
NA,NA,"Another engineering discipline (ex. civil, electrical, mechanical)","Bachelor’s degree (BA, BS, B.Eng., etc.)",Stack Overflow 2018,"Yes, full-time",NA
Male,25 - 34 years old,"A natural science (ex. biology, chemistry, physics)","Other doctoral degree (Ph.D, Ed.D., etc.)",Stack Overflow 2018,No,NA
NA,NA,"Computer science, computer engineering, or software engineering","Bachelor’s degree (BA, BS, B.Eng., etc.)",Stack Overflow 2018,No,NA
NA,NA,"Computer science, computer engineering, or software engineering","Bachelor’s degree (BA, BS, B.Eng., etc.)",Stack Overflow 2018,"Yes, full-time",NA
NA,NA,"Computer science, computer engineering, or software engineering","Professional degree (JD, MD, etc.)",Stack Overflow 2018,No,NA
Male,25 - 34 years old,Mathematics or statistics,"Bachelor’s degree (BA, BS, B.Eng., etc.)",Stack Overflow 2018,No,NA
Male,35 - 44 years old,Mathematics or statistics,"Other doctoral degree (Ph.D, Ed.D., etc.)",Stack Overflow 2018,No,NA
Female,25 - 34 years old,"Computer science, computer engineering, or software engineering","Bachelor’s degree (BA, BS, B.Eng., etc.)",Stack Overflow 2018,No,NA
Male,35 - 44 years old,"A natural science (ex. biology, chemistry, physics)","Master’s degree (MA, MS, M.Eng., MBA, etc.)",Stack Overflow 2018,No,NA
Male,25 - 34 years old,"Computer science, computer engineering, or software engineering","Bachelor’s degree (BA, BS, B.Eng., etc.)",Stack Overflow 2018,No,NA
NA,NA,"A natural science (ex. biology, chemistry, physics)","Master’s degree (MA, MS, M.Eng., MBA, etc.)",Stack Overflow 2018,No,NA
Male,25 - 34 years old,"A social science (ex. anthropology, psychology, political science)","Master’s degree (MA, MS, M.Eng., MBA, etc.)",Stack Overflow 2018,"Yes, full-time",NA
Male,25 - 34 years old,"Computer science, computer engineering, or software engineering","Master’s degree (MA, MS, M.Eng., MBA, etc.)",Stack Overflow 2018,"Yes, full-time",NA
Male,18 - 24 years old,"Computer science, computer engineering, or software engineering","Bachelor’s degree (BA, BS, B.Eng., etc.)",Stack Overflow 2018,"Yes, part-time",NA
Male,18 - 24 years old,"Computer science, computer engineering, or software engineering","Bachelor’s degree (BA, BS, B.Eng., etc.)",Stack Overflow 2018,"Yes, full-time",NA
Male,25 - 34 years old,Mathematics or statistics,"Bachelor’s degree (BA, BS, B.Eng., etc.)",Stack Overflow 2018,"Yes, full-time",NA
Male,25 - 34 years old,"Computer science, computer engineering, or software engineering","Master’s degree (MA, MS, M.Eng., MBA, etc.)",Stack Overflow 2018,No,NA
Male,18 - 24 years old,"A health science (ex. nursing, pharmacy, radiology)","Bachelor’s degree (BA, BS, B.Eng., etc.)",Stack Overflow 2018,"Yes, full-time",NA
Male,18 - 24 years old,"Computer science, computer engineering, or software engineering","Bachelor’s degree (BA, BS, B.Eng., etc.)",Stack Overflow 2018,"Yes, full-time",NA
Male,25 - 34 years old,Mathematics or statistics,"Bachelor’s degree (BA, BS, B.Eng., etc.)",Stack Overflow 2018,No,NA
Male,25 - 34 years old,"Computer science, computer engineering, or software engineering","Master’s degree (MA, MS, M.Eng., MBA, etc.)",Stack Overflow 2018,No,NA
NA,NA,"Computer science, computer engineering, or software engineering",Some college/university study without earning a degree,Stack Overflow 2018,"Yes, part-time",NA
Male,25 - 34 years old,Mathematics or statistics,"Bachelor’s degree (BA, BS, B.Eng., etc.)",Stack Overflow 2018,"Yes, full-time",NA
Male,25 - 34 years old,"Computer science, computer engineering, or software engineering","Master’s degree (MA, MS, M.Eng., MBA, etc.)",Stack Overflow 2018,No,NA
Male,35 - 44 years old,"Computer science, computer engineering, or software engineering","Other doctoral degree (Ph.D, Ed.D., etc.)",Stack Overflow 2018,No,NA
Male,25 - 34 years old,"Computer science, computer engineering, or software engineering","Master’s degree (MA, MS, M.Eng., MBA, etc.)",Stack Overflow 2018,No,NA
Male,18 - 24 years old,"Computer science, computer engineering, or software engineering","Bachelor’s degree (BA, BS, B.Eng., etc.)",Stack Overflow 2018,"Yes, full-time",NA
Male,18 - 24 years old,"Computer science, computer engineering, or software engineering","Bachelor’s degree (BA, BS, B.Eng., etc.)",Stack Overflow 2018,"Yes, full-time",NA
Female,25 - 34 years old,"A natural science (ex. biology, chemistry, physics)","Master’s degree (MA, MS, M.Eng., MBA, etc.)",Stack Overflow 2018,No,NA
NA,NA,"Another engineering discipline (ex. civil, electrical, mechanical)","Bachelor’s degree (BA, BS, B.Eng., etc.)",Stack Overflow 2018,No,NA
Male,25 - 34 years old,"Computer science, computer engineering, or software engineering","Master’s degree (MA, MS, M.Eng., MBA, etc.)",Stack Overflow 2018,"Yes, full-time",NA
NA,NA,"A natural science (ex. biology, chemistry, physics)","Bachelor’s degree (BA, BS, B.Eng., etc.)",Stack Overflow 2018,No,NA
Male,25 - 34 years old,"Computer science, computer engineering, or software engineering","Master’s degree (MA, MS, M.Eng., MBA, etc.)",Stack Overflow 2018,No,NA
Male,25 - 34 years old,Mathematics or statistics,"Master’s degree (MA, MS, M.Eng., MBA, etc.)",Stack Overflow 2018,"Yes, part-time",NA
Male,35 - 44 years old,"Computer science, computer engineering, or software engineering","Master’s degree (MA, MS, M.Eng., MBA, etc.)",Stack Overflow 2018,No,NA
Male,25 - 34 years old,"A natural science (ex. biology, chemistry, physics)",Some college/university study without earning a degree,Stack Overflow 2018,No,NA
Male,25 - 34 years old,"A humanities discipline (ex. literature, history, philosophy)","Other doctoral degree (Ph.D, Ed.D., etc.)",Stack Overflow 2018,No,NA
Male,25 - 34 years old,"Computer science, computer engineering, or software engineering","Master’s degree (MA, MS, M.Eng., MBA, etc.)",Stack Overflow 2018,No,NA
NA,NA,"Another engineering discipline (ex. civil, electrical, mechanical)",Some college/university study without earning a degree,Stack Overflow 2018,No,NA
NA,NA,NA,Primary/elementary school,Stack Overflow 2018,NA,NA
Male,18 - 24 years old,NA,"Secondary school (e.g. American high school, German Realschule or Gymnasium, etc.)",Stack Overflow 2018,"Yes, part-time",NA
NA,NA,NA,"Secondary school (e.g. American high school, German Realschule or Gymnasium, etc.)",Stack Overflow 2018,No,NA
NA,NA,"A social science (ex. anthropology, psychology, political science)","Bachelor’s degree (BA, BS, B.Eng., etc.)",Stack Overflow 2018,"Yes, full-time",NA
Male,NA,"Computer science, computer engineering, or software engineering","Master’s degree (MA, MS, M.Eng., MBA, etc.)",Stack Overflow 2018,"Yes, part-time",NA
NA,NA,"Computer science, computer engineering, or software engineering","Master’s degree (MA, MS, M.Eng., MBA, etc.)",Stack Overflow 2018,"Yes, full-time",NA
Male,18 - 24 years old,"Computer science, computer engineering, or software engineering",Some college/university study without earning a degree,Stack Overflow 2018,No,NA
Male,25 - 34 years old,Mathematics or statistics,"Master’s degree (MA, MS, M.Eng., MBA, etc.)",Stack Overflow 2018,No,NA
Male,25 - 34 years old,"Information systems, information technology, or system administration","Bachelor’s degree (BA, BS, B.Eng., etc.)",Stack Overflow 2018,"Yes, full-time",NA
Male,25 - 34 years old,"A social science (ex. anthropology, psychology, political science)","Master’s degree (MA, MS, M.Eng., MBA, etc.)",Stack Overflow 2018,No,NA
Male,25 - 34 years old,"Computer science, computer engineering, or software engineering","Bachelor’s degree (BA, BS, B.Eng., etc.)",Stack Overflow 2018,"Yes, part-time",NA
NA,NA,"Computer science, computer engineering, or software engineering","Master’s degree (MA, MS, M.Eng., MBA, etc.)",Stack Overflow 2018,No,NA
Male,25 - 34 years old,Mathematics or statistics,"Master’s degree (MA, MS, M.Eng., MBA, etc.)",Stack Overflow 2018,No,NA
Male,18 - 24 years old,"A natural science (ex. biology, chemistry, physics)","Bachelor’s degree (BA, BS, B.Eng., etc.)",Stack Overflow 2018,"Yes, part-time",NA
Male,25 - 34 years old,"Computer science, computer engineering, or software engineering",Some college/university study without earning a degree,Stack Overflow 2018,No,NA
Male,25 - 34 years old,"Computer science, computer engineering, or software engineering","Master’s degree (MA, MS, M.Eng., MBA, etc.)",Stack Overflow 2018,No,NA
Male,25 - 34 years old,"Another engineering discipline (ex. civil, electrical, mechanical)","Other doctoral degree (Ph.D, Ed.D., etc.)",Stack Overflow 2018,"Yes, full-time",NA
Male,18 - 24 years old,"Computer science, computer engineering, or software engineering","Master’s degree (MA, MS, M.Eng., MBA, etc.)",Stack Overflow 2018,No,NA
Male,25 - 34 years old,"Computer science, computer engineering, or software engineering","Professional degree (JD, MD, etc.)",Stack Overflow 2018,"Yes, full-time",NA
NA,NA,"Computer science, computer engineering, or software engineering","Master’s degree (MA, MS, M.Eng., MBA, etc.)",Stack Overflow 2018,"Yes, full-time",NA
Male,25 - 34 years old,"Computer science, computer engineering, or software engineering","Master’s degree (MA, MS, M.Eng., MBA, etc.)",Stack Overflow 2018,No,NA
Male,25 - 34 years old,"Computer science, computer engineering, or software engineering","Master’s degree (MA, MS, M.Eng., MBA, etc.)",Stack Overflow 2018,No,NA
Male,18 - 24 years old,"Computer science, computer engineering, or software engineering","Bachelor’s degree (BA, BS, B.Eng., etc.)",Stack Overflow 2018,"Yes, full-time",NA
Male,25 - 34 years old,"Computer science, computer engineering, or software engineering","Master’s degree (MA, MS, M.Eng., MBA, etc.)",Stack Overflow 2018,No,NA
Male,18 - 24 years old,"Computer science, computer engineering, or software engineering",Some college/university study without earning a degree,Stack Overflow 2018,No,NA
NA,25 - 34 years old,"A humanities discipline (ex. literature, history, philosophy)","Master’s degree (MA, MS, M.Eng., MBA, etc.)",Stack Overflow 2018,"Yes, full-time",NA
Male,25 - 34 years old,"Computer science, computer engineering, or software engineering","Bachelor’s degree (BA, BS, B.Eng., etc.)",Stack Overflow 2018,No,NA
NA,25 - 34 years old,NA,NA,Stack Overflow 2018,"Yes, part-time",NA
Male,18 - 24 years old,"A natural science (ex. biology, chemistry, physics)","Master’s degree (MA, MS, M.Eng., MBA, etc.)",Stack Overflow 2018,"Yes, full-time",NA
Male,25 - 34 years old,"Computer science, computer engineering, or software engineering","Bachelor’s degree (BA, BS, B.Eng., etc.)",Stack Overflow 2018,No,NA
Male,25 - 34 years old,Mathematics or statistics,Some college/university study without earning a degree,Stack Overflow 2018,No,NA
Male,25 - 34 years old,NA,"Master’s degree (MA, MS, M.Eng., MBA, etc.)",Stack Overflow 2018,No,NA
Male,35 - 44 years old,"Computer science, computer engineering, or software engineering","Master’s degree (MA, MS, M.Eng., MBA, etc.)",Stack Overflow 2018,No,NA
Male,45 - 54 years old,"Computer science, computer engineering, or software engineering","Master’s degree (MA, MS, M.Eng., MBA, etc.)",Stack Overflow 2018,No,NA
Male,18 - 24 years old,NA,"Bachelor’s degree (BA, BS, B.Eng., etc.)",Stack Overflow 2018,"Yes, full-time",NA
Male,18 - 24 years old,"Computer science, computer engineering, or software engineering",Some college/university study without earning a degree,Stack Overflow 2018,"Yes, full-time",NA
Female,18 - 24 years old,NA,"Secondary school (e.g. American high school, German Realschule or Gymnasium, etc.)",Stack Overflow 2018,"Yes, full-time",NA
NA,NA,NA,"Secondary school (e.g. American high school, German Realschule or Gymnasium, etc.)",Stack Overflow 2018,No,NA
Male,Under 18 years old,NA,Primary/elementary school,Stack Overflow 2018,No,NA
Female,25 - 34 years old,Mathematics or statistics,"Master’s degree (MA, MS, M.Eng., MBA, etc.)",Stack Overflow 2018,"Yes, full-time",NA
Male,18 - 24 years old,"Another engineering discipline (ex. civil, electrical, mechanical)","Bachelor’s degree (BA, BS, B.Eng., etc.)",Stack Overflow 2018,"Yes, full-time",NA
NA,NA,"A humanities discipline (ex. literature, history, philosophy)","Bachelor’s degree (BA, BS, B.Eng., etc.)",Stack Overflow 2018,No,NA
Male,18 - 24 years old,"Computer science, computer engineering, or software engineering","Bachelor’s degree (BA, BS, B.Eng., etc.)",Stack Overflow 2018,"Yes, full-time",NA
NA,NA,Mathematics or statistics,"Master’s degree (MA, MS, M.Eng., MBA, etc.)",Stack Overflow 2018,NA,NA
NA,NA,NA,"Secondary school (e.g. American high school, German Realschule or Gymnasium, etc.)",Stack Overflow 2018,"Yes, full-time",NA
NA,NA,"Computer science, computer engineering, or software engineering",Some college/university study without earning a degree,Stack Overflow 2018,"Yes, full-time",NA
NA,NA,"Computer science, computer engineering, or software engineering","Master’s degree (MA, MS, M.Eng., MBA, etc.)",Stack Overflow 2018,NA,NA
Man,28,Mathematics or statistics,"Master’s degree (MA, MS, M.Eng., MBA, etc.)",Stack Overflow 2019,"Yes, full-time",No
Man,22,"Computer science, computer engineering, or software engineering","Bachelor’s degree (BA, BS, B.Eng., etc.)",Stack Overflow 2019,"Yes, full-time",No
Man,25,"Computer science, computer engineering, or software engineering",Some college/university study without earning a degree,Stack Overflow 2019,No,No
Man,27,"Information systems, information technology, or system administration","Master’s degree (MA, MS, M.Eng., MBA, etc.)",Stack Overflow 2019,No,NA
Man,31,NA,"Master’s degree (MA, MS, M.Eng., MBA, etc.)",Stack Overflow 2019,"Yes, part-time",No
Man,38,"Information systems, information technology, or system administration","Bachelor’s degree (BA, BS, B.Eng., etc.)",Stack Overflow 2019,"Yes, full-time",No
Man,30,Mathematics or statistics,"Master’s degree (MA, MS, M.Eng., MBA, etc.)",Stack Overflow 2019,No,No
Man,27,Mathematics or statistics,"Master’s degree (MA, MS, M.Eng., MBA, etc.)",Stack Overflow 2019,No,No
Man,49,Mathematics or statistics,"Master’s degree (MA, MS, M.Eng., MBA, etc.)",Stack Overflow 2019,"Yes, part-time",No
Man,22,"A natural science (ex. biology, chemistry, physics)","Bachelor’s degree (BA, BS, B.Eng., etc.)",Stack Overflow 2019,"Yes, full-time",No
Woman,30,"A social science (ex. anthropology, psychology, political science)","Master’s degree (MA, MS, M.Eng., MBA, etc.)",Stack Overflow 2019,No,No
Man,53,Mathematics or statistics,"Bachelor’s degree (BA, BS, B.Eng., etc.)",Stack Overflow 2019,No,No
Man,25,"Computer science, computer engineering, or software engineering","Professional degree (JD, MD, etc.)",Stack Overflow 2019,No,No
Man,23,NA,"Secondary school (e.g. American high school, German Realschule or Gymnasium, etc.)",Stack Overflow 2019,No,No
Man,34,NA,"Other doctoral degree (Ph.D, Ed.D., etc.)",Stack Overflow 2019,"Yes, part-time",No
Man,35,"Computer science, computer engineering, or software engineering","Master’s degree (MA, MS, M.Eng., MBA, etc.)",Stack Overflow 2019,"Yes, part-time",No
NA,NA,"Computer science, computer engineering, or software engineering","Master’s degree (MA, MS, M.Eng., MBA, etc.)",Stack Overflow 2019,"Yes, full-time",NA
Man,26,"Another engineering discipline (ex. civil, electrical, mechanical)","Master’s degree (MA, MS, M.Eng., MBA, etc.)",Stack Overflow 2019,No,No
Man,20,"Computer science, computer engineering, or software engineering","Master’s degree (MA, MS, M.Eng., MBA, etc.)",Stack Overflow 2019,"Yes, full-time",No
Man,40,"Another engineering discipline (ex. civil, electrical, mechanical)","Master’s degree (MA, MS, M.Eng., MBA, etc.)",Stack Overflow 2019,No,No
Man,37,"Information systems, information technology, or system administration","Master’s degree (MA, MS, M.Eng., MBA, etc.)",Stack Overflow 2019,No,No
Man,30,"Information systems, information technology, or system administration","Master’s degree (MA, MS, M.Eng., MBA, etc.)",Stack Overflow 2019,No,No
Man,21,"Computer science, computer engineering, or software engineering",Some college/university study without earning a degree,Stack Overflow 2019,"Yes, full-time",No
Man,23,"Computer science, computer engineering, or software engineering","Bachelor’s degree (BA, BS, B.Eng., etc.)",Stack Overflow 2019,"Yes, full-time",No
Man,19,NA,"Secondary school (e.g. American high school, German Realschule or Gymnasium, etc.)",Stack Overflow 2019,No,No
Man,25,"Computer science, computer engineering, or software engineering","Bachelor’s degree (BA, BS, B.Eng., etc.)",Stack Overflow 2019,"Yes, part-time",No
Man,23,"Computer science, computer engineering, or software engineering","Bachelor’s degree (BA, BS, B.Eng., etc.)",Stack Overflow 2019,"Yes, full-time",No
Man,40,"A natural science (ex. biology, chemistry, physics)","Master’s degree (MA, MS, M.Eng., MBA, etc.)",Stack Overflow 2019,No,NA
Man,41,"A business discipline (ex. accounting, finance, marketing)","Master’s degree (MA, MS, M.Eng., MBA, etc.)",Stack Overflow 2019,No,No
Man,35,"Computer science, computer engineering, or software engineering","Other doctoral degree (Ph.D, Ed.D., etc.)",Stack Overflow 2019,No,No
Woman,NA,NA,"Secondary school (e.g. American high school, German Realschule or Gymnasium, etc.)",Stack Overflow 2019,"Yes, full-time",No
Man,26,Mathematics or statistics,"Master’s degree (MA, MS, M.Eng., MBA, etc.)",Stack Overflow 2019,No,No
Woman,27,"A humanities discipline (ex. literature, history, philosophy)","Master’s degree (MA, MS, M.Eng., MBA, etc.)",Stack Overflow 2019,No,No
NA,31,"Another engineering discipline (ex. civil, electrical, mechanical)","Master’s degree (MA, MS, M.Eng., MBA, etc.)",Stack Overflow 2019,No,No
Man,28,"A business discipline (ex. accounting, finance, marketing)","Bachelor’s degree (BA, BS, B.Eng., etc.)",Stack Overflow 2019,"Yes, full-time",No
Man,22,"Computer science, computer engineering, or software engineering",NA,Stack Overflow 2019,"Yes, full-time",No
Man,23,"Computer science, computer engineering, or software engineering","Bachelor’s degree (BA, BS, B.Eng., etc.)",Stack Overflow 2019,"Yes, full-time",No
Man,NA,"A health science (ex. nursing, pharmacy, radiology)",Some college/university study without earning a degree,Stack Overflow 2019,"Yes, full-time",No
NA,33,Mathematics or statistics,Some college/university study without earning a degree,Stack Overflow 2019,No,NA
Woman,30,"A natural science (ex. biology, chemistry, physics)","Master’s degree (MA, MS, M.Eng., MBA, etc.)",Stack Overflow 2019,No,No
Man,42,Mathematics or statistics,"Master’s degree (MA, MS, M.Eng., MBA, etc.)",Stack Overflow 2019,No,No
Man,25,"Computer science, computer engineering, or software engineering","Professional degree (JD, MD, etc.)",Stack Overflow 2019,"Yes, full-time",No
Man,28,"Computer science, computer engineering, or software engineering","Master’s degree (MA, MS, M.Eng., MBA, etc.)",Stack Overflow 2019,No,No
Man,20,NA,"Secondary school (e.g. American high school, German Realschule or Gymnasium, etc.)",Stack Overflow 2019,"Yes, full-time",No
Man,40,"Another engineering discipline (ex. civil, electrical, mechanical)","Master’s degree (MA, MS, M.Eng., MBA, etc.)",Stack Overflow 2019,No,No
Woman,25,"Another engineering discipline (ex. civil, electrical, mechanical)","Master’s degree (MA, MS, M.Eng., MBA, etc.)",Stack Overflow 2019,No,No
Woman,NA,"Another engineering discipline (ex. civil, electrical, mechanical)","Bachelor’s degree (BA, BS, B.Eng., etc.)",Stack Overflow 2019,No,No
Man,28,"Another engineering discipline (ex. civil, electrical, mechanical)","Master’s degree (MA, MS, M.Eng., MBA, etc.)",Stack Overflow 2019,No,No
Man,37,"A natural science (ex. biology, chemistry, physics)","Master’s degree (MA, MS, M.Eng., MBA, etc.)",Stack Overflow 2019,No,No
Man,43,"A natural science (ex. biology, chemistry, physics)","Professional degree (JD, MD, etc.)",Stack Overflow 2019,No,No
Man,34,"Computer science, computer engineering, or software engineering","Master’s degree (MA, MS, M.Eng., MBA, etc.)",Stack Overflow 2019,No,No
Man,22,"Computer science, computer engineering, or software engineering",Some college/university study without earning a degree,Stack Overflow 2019,"Yes, full-time",No
Woman,33,"Another engineering discipline (ex. civil, electrical, mechanical)","Other doctoral degree (Ph.D, Ed.D., etc.)",Stack Overflow 2019,No,No
Man,31,"Computer science, computer engineering, or software engineering","Bachelor’s degree (BA, BS, B.Eng., etc.)",Stack Overflow 2019,No,No
Man,34,"A humanities discipline (ex. literature, history, philosophy)","Master’s degree (MA, MS, M.Eng., MBA, etc.)",Stack Overflow 2019,No,No
Man,41,"A natural science (ex. biology, chemistry, physics)","Master’s degree (MA, MS, M.Eng., MBA, etc.)",Stack Overflow 2019,No,No
Man,19,NA,"Secondary school (e.g. American high school, German Realschule or Gymnasium, etc.)",Stack Overflow 2019,No,No
Man,33,"A natural science (ex. biology, chemistry, physics)","Master’s degree (MA, MS, M.Eng., MBA, etc.)",Stack Overflow 2019,No,No
Man,28,"Computer science, computer engineering, or software engineering","Bachelor’s degree (BA, BS, B.Eng., etc.)",Stack Overflow 2019,No,No
Man,NA,"Computer science, computer engineering, or software engineering","Bachelor’s degree (BA, BS, B.Eng., etc.)",Stack Overflow 2019,"Yes, full-time",No
Man,27,I never declared a major,"Bachelor’s degree (BA, BS, B.Eng., etc.)",Stack Overflow 2019,No,No
Man,27,Mathematics or statistics,"Bachelor’s degree (BA, BS, B.Eng., etc.)",Stack Overflow 2019,No,No
Man,22,"Computer science, computer engineering, or software engineering","Bachelor’s degree (BA, BS, B.Eng., etc.)",Stack Overflow 2019,"Yes, full-time",No
Man,25,"Another engineering discipline (ex. civil, electrical, mechanical)","Master’s degree (MA, MS, M.Eng., MBA, etc.)",Stack Overflow 2019,No,No
Man,25,"Computer science, computer engineering, or software engineering","Bachelor’s degree (BA, BS, B.Eng., etc.)",Stack Overflow 2019,"Yes, full-time",No
NA,26,"Computer science, computer engineering, or software engineering","Bachelor’s degree (BA, BS, B.Eng., etc.)",Stack Overflow 2019,No,No
Man,33,"Computer science, computer engineering, or software engineering","Bachelor’s degree (BA, BS, B.Eng., etc.)",Stack Overflow 2019,No,No
Man,22,"A business discipline (ex. accounting, finance, marketing)","Bachelor’s degree (BA, BS, B.Eng., etc.)",Stack Overflow 2019,"Yes, full-time",No
Man,44,"Information systems, information technology, or system administration","Bachelor’s degree (BA, BS, B.Eng., etc.)",Stack Overflow 2019,No,No
Man,26,"Computer science, computer engineering, or software engineering","Bachelor’s degree (BA, BS, B.Eng., etc.)",Stack Overflow 2019,No,No
Woman,23,"Computer science, computer engineering, or software engineering","Bachelor’s degree (BA, BS, B.Eng., etc.)",Stack Overflow 2019,"Yes, full-time",No
Man,36,"A natural science (ex. biology, chemistry, physics)","Bachelor’s degree (BA, BS, B.Eng., etc.)",Stack Overflow 2019,No,No
Man,28,"Computer science, computer engineering, or software engineering","Master’s degree (MA, MS, M.Eng., MBA, etc.)",Stack Overflow 2019,"Yes, part-time",No
Man,29,"Another engineering discipline (ex. civil, electrical, mechanical)","Master’s degree (MA, MS, M.Eng., MBA, etc.)",Stack Overflow 2019,No,No
Man,22,"Another engineering discipline (ex. civil, electrical, mechanical)","Bachelor’s degree (BA, BS, B.Eng., etc.)",Stack Overflow 2019,"Yes, full-time",No
Man,35,"Computer science, computer engineering, or software engineering","Master’s degree (MA, MS, M.Eng., MBA, etc.)",Stack Overflow 2019,No,No
Woman;Man,19,"Computer science, computer engineering, or software engineering","Bachelor’s degree (BA, BS, B.Eng., etc.)",Stack Overflow 2019,"Yes, full-time",No
Man,NA,"Computer science, computer engineering, or software engineering","Master’s degree (MA, MS, M.Eng., MBA, etc.)",Stack Overflow 2019,No,No
Man,34,"Computer science, computer engineering, or software engineering","Other doctoral degree (Ph.D, Ed.D., etc.)",Stack Overflow 2019,No,No
Man,19,NA,"Secondary school (e.g. American high school, German Realschule or Gymnasium, etc.)",Stack Overflow 2019,"Yes, full-time",No
Man,24,NA,"Master’s degree (MA, MS, M.Eng., MBA, etc.)",Stack Overflow 2019,No,No
Man,25,Mathematics or statistics,"Master’s degree (MA, MS, M.Eng., MBA, etc.)",Stack Overflow 2019,No,No
Man,26,"Computer science, computer engineering, or software engineering","Master’s degree (MA, MS, M.Eng., MBA, etc.)",Stack Overflow 2019,"Yes, full-time",No
Man,31,"Computer science, computer engineering, or software engineering",Some college/university study without earning a degree,Stack Overflow 2019,"Yes, full-time",No
Man,29,Mathematics or statistics,"Master’s degree (MA, MS, M.Eng., MBA, etc.)",Stack Overflow 2019,No,No
Man,31,"Computer science, computer engineering, or software engineering","Master’s degree (MA, MS, M.Eng., MBA, etc.)",Stack Overflow 2019,"Yes, part-time",No
Man,26,"Computer science, computer engineering, or software engineering","Master’s degree (MA, MS, M.Eng., MBA, etc.)",Stack Overflow 2019,"Yes, part-time",No
Man,55,"Computer science, computer engineering, or software engineering","Other doctoral degree (Ph.D, Ed.D., etc.)",Stack Overflow 2019,"Yes, part-time",No
Man,24,NA,"Secondary school (e.g. American high school, German Realschule or Gymnasium, etc.)",Stack Overflow 2019,No,No
Man,28,"Computer science, computer engineering, or software engineering","Master’s degree (MA, MS, M.Eng., MBA, etc.)",Stack Overflow 2019,No,NA
Man,23,"Computer science, computer engineering, or software engineering","Bachelor’s degree (BA, BS, B.Eng., etc.)",Stack Overflow 2019,"Yes, part-time",No
Woman,24,"Computer science, computer engineering, or software engineering","Bachelor’s degree (BA, BS, B.Eng., etc.)",Stack Overflow 2019,NA,No
Man,24,"A natural science (ex. biology, chemistry, physics)","Bachelor’s degree (BA, BS, B.Eng., etc.)",Stack Overflow 2019,"Yes, full-time",No
Man,26,"A business discipline (ex. accounting, finance, marketing)","Master’s degree (MA, MS, M.Eng., MBA, etc.)",Stack Overflow 2019,No,No
Man,35,"Information systems, information technology, or system administration","Master’s degree (MA, MS, M.Eng., MBA, etc.)",Stack Overflow 2019,No,No
Man,30,"A natural science (ex. biology, chemistry, physics)",Some college/university study without earning a degree,Stack Overflow 2019,No,No
Man,36,"Computer science, computer engineering, or software engineering","Other doctoral degree (Ph.D, Ed.D., etc.)",Stack Overflow 2019,"Yes, part-time",No
Man,28,"Information systems, information technology, or system administration","Master’s degree (MA, MS, M.Eng., MBA, etc.)",Stack Overflow 2019,No,No
Man,NA,"Computer science, computer engineering, or software engineering",NA,Stack Overflow 2019,"Yes, full-time",No
Man,29,"Computer science, computer engineering, or software engineering","Master’s degree (MA, MS, M.Eng., MBA, etc.)",Stack Overflow 2019,No,No
NA,48,NA,"Other doctoral degree (Ph.D, Ed.D., etc.)",Stack Overflow 2019,No,NA
Man,39,"A natural science (ex. biology, chemistry, physics)","Other doctoral degree (Ph.D, Ed.D., etc.)",Stack Overflow 2019,No,No
Man,NA,NA,Primary/elementary school,Stack Overflow 2019,No,No
Man,34,"A social science (ex. anthropology, psychology, political science)","Master’s degree (MA, MS, M.Eng., MBA, etc.)",Stack Overflow 2019,No,No
Man,22,NA,"Secondary school (e.g. American high school, German Realschule or Gymnasium, etc.)",Stack Overflow 2019,"Yes, part-time",No
Man,24,"Computer science, computer engineering, or software engineering",Some college/university study without earning a degree,Stack Overflow 2019,No,No
Man,29,"A natural science (ex. biology, chemistry, physics)","Master’s degree (MA, MS, M.Eng., MBA, etc.)",Stack Overflow 2019,No,No
Man,24,NA,"Secondary school (e.g. American high school, German Realschule or Gymnasium, etc.)",Stack Overflow 2019,"Yes, full-time",No
Man,39,"Computer science, computer engineering, or software engineering","Master’s degree (MA, MS, M.Eng., MBA, etc.)",Stack Overflow 2019,No,No
Man,28,"Computer science, computer engineering, or software engineering",Some college/university study without earning a degree,Stack Overflow 2019,No,No
Man,26,"Computer science, computer engineering, or software engineering","Master’s degree (MA, MS, M.Eng., MBA, etc.)",Stack Overflow 2019,No,No
Mężczyzna,NA,NA,NA,WhyR? 2017,NA,NA
Mężczyzna,NA,NA,mgr,WhyR? 2017,NA,NA
Kobieta,25,NA,NA,WhyR? 2017,NA,NA
Mężczyzna,NA,NA,NA,WhyR? 2017,NA,NA
Mężczyzna,NA,NA,dr,WhyR? 2017,NA,NA
Mężczyzna,31,NA,NA,WhyR? 2017,NA,NA
Kobieta,NA,NA,NA,WhyR? 2017,NA,NA
Mężczyzna,26,NA,mgr,WhyR? 2017,NA,NA
Mężczyzna,NA,NA,NA,WhyR? 2017,NA,NA
Mężczyzna,NA,NA,dr inż.,WhyR? 2017,NA,NA
Mężczyzna,NA,NA,mgr,WhyR? 2017,NA,NA
Kobieta,NA,NA,NA,WhyR? 2017,NA,NA
Mężczyzna,NA,NA,mgr,WhyR? 2017,NA,NA
Mężczyzna,NA,NA,mgr,WhyR? 2017,NA,NA
Kobieta,24,NA,lic.,WhyR? 2017,NA,NA
Mężczyzna,NA,NA,NA,WhyR? 2017,NA,NA
Mężczyzna,28,NA,NA,WhyR? 2017,NA,NA
Mężczyzna,NA,NA,NA,WhyR? 2017,NA,NA
Mężczyzna,NA,NA,NA,WhyR? 2017,NA,NA
Mężczyzna,NA,NA,NA,WhyR? 2017,NA,NA
Mężczyzna,NA,NA,NA,WhyR? 2017,NA,NA
Mężczyzna,41,NA,dr,WhyR? 2017,NA,NA
Kobieta,NA,NA,NA,WhyR? 2017,NA,NA
Mężczyzna,NA,NA,NA,WhyR? 2017,NA,NA
Kobieta,NA,NA,NA,WhyR? 2017,NA,NA
Kobieta,28,NA,NA,WhyR? 2017,NA,NA
Mężczyzna,NA,NA,dr,WhyR? 2017,NA,NA
Kobieta,28,NA,NA,WhyR? 2017,NA,NA
Kobieta,25,NA,NA,WhyR? 2017,NA,NA
Mężczyzna,NA,NA,mgr inż.,WhyR? 2017,NA,NA
Mężczyzna,NA,NA,NA,WhyR? 2017,NA,NA
Mężczyzna,38,NA,NA,WhyR? 2017,NA,NA
Kobieta,NA,NA,dr,WhyR? 2017,NA,NA
Mężczyzna,NA,NA,NA,WhyR? 2017,NA,NA
Mężczyzna,NA,NA,mgr inż.,WhyR? 2017,NA,NA
Mężczyzna,NA,NA,NA,WhyR? 2017,NA,NA
Mężczyzna,NA,NA,NA,WhyR? 2017,NA,NA
Mężczyzna,NA,NA,NA,WhyR? 2017,NA,NA
Kobieta,27,NA,NA,WhyR? 2017,NA,NA
Mężczyzna,27,NA,mgr inż.,WhyR? 2017,NA,NA
Mężczyzna,NA,NA,mgr,WhyR? 2017,NA,NA
Mężczyzna,NA,NA,NA,WhyR? 2017,NA,NA
Mężczyzna,NA,NA,inż.,WhyR? 2017,NA,NA
Kobieta,NA,NA,mgr,WhyR? 2017,NA,NA
Kobieta,27,NA,mgr,WhyR? 2017,NA,NA
Mężczyzna,27,NA,NA,WhyR? 2017,NA,NA
Kobieta,26,NA,NA,WhyR? 2017,NA,NA
Mężczyzna,NA,NA,NA,WhyR? 2017,NA,NA
Mężczyzna,NA,NA,NA,WhyR? 2017,NA,NA
Mężczyzna,NA,NA,NA,WhyR? 2017,NA,NA
Mężczyzna,NA,NA,mgr,WhyR? 2017,NA,NA
Kobieta,NA,NA,lic.,WhyR? 2017,NA,NA
Mężczyzna,NA,NA,NA,WhyR? 2017,NA,NA
Mężczyzna,34,NA,NA,WhyR? 2017,NA,NA
Kobieta,0,NA,mgr,WhyR? 2017,NA,NA
Mężczyzna,27,NA,mgr inż.,WhyR? 2017,NA,NA
Mężczyzna,NA,NA,mgr inż.,WhyR? 2017,NA,NA
Mężczyzna,NA,NA,mgr,WhyR? 2017,NA,NA
Kobieta,NA,NA,NA,WhyR? 2017,NA,NA
Mężczyzna,NA,NA,mgr,WhyR? 2017,NA,NA
Mężczyzna,NA,NA,mgr,WhyR? 2017,NA,NA
Mężczyzna,NA,NA,lic.,WhyR? 2017,NA,NA
Mężczyzna,23,NA,NA,WhyR? 2017,NA,NA
Mężczyzna,25,NA,lic.,WhyR? 2017,NA,NA
Mężczyzna,29,NA,mgr,WhyR? 2017,NA,NA
Mężczyzna,26,NA,mgr,WhyR? 2017,NA,NA
Kobieta,NA,NA,NA,WhyR? 2017,NA,NA
Mężczyzna,NA,NA,dr,WhyR? 2017,NA,NA
Mężczyzna,33,NA,mgr,WhyR? 2017,NA,NA
Mężczyzna,NA,NA,mgr inż.,WhyR? 2017,NA,NA
Mężczyzna,33,NA,mgr,WhyR? 2017,NA,NA
Mężczyzna,NA,NA,NA,WhyR? 2017,NA,NA
Kobieta,NA,NA,mgr,WhyR? 2017,NA,NA
Mężczyzna,27,NA,NA,WhyR? 2017,NA,NA
Mężczyzna,NA,NA,NA,WhyR? 2017,NA,NA
Mężczyzna,29,NA,mgr inż.,WhyR? 2017,NA,NA
Kobieta,25,NA,mgr,WhyR? 2017,NA,NA
Kobieta,24,NA,lic.,WhyR? 2017,NA,NA
Mężczyzna,NA,NA,lic.,WhyR? 2017,NA,NA
Kobieta,NA,NA,mgr,WhyR? 2017,NA,NA
Mężczyzna,NA,NA,mgr,WhyR? 2017,NA,NA
Mężczyzna,29,NA,mgr,WhyR? 2017,NA,NA
Kobieta,NA,NA,mgr,WhyR? 2017,NA,NA
Mężczyzna,32,NA,NA,WhyR? 2017,NA,NA
Kobieta,NA,NA,NA,WhyR? 2017,NA,NA
Mężczyzna,NA,NA,mgr inż.,WhyR? 2017,NA,NA
Mężczyzna,NA,NA,mgr,WhyR? 2017,NA,NA
Mężczyzna,45,NA,mgr inż.,WhyR? 2017,NA,NA
Mężczyzna,34,NA,NA,WhyR? 2017,NA,NA
Mężczyzna,NA,NA,mgr,WhyR? 2017,NA,NA
Mężczyzna,26,NA,mgr,WhyR? 2017,NA,NA
Mężczyzna,NA,NA,mgr,WhyR? 2017,NA,NA
Mężczyzna,45,NA,dr inż.,WhyR? 2017,NA,NA
Mężczyzna,NA,NA,NA,WhyR? 2017,NA,NA
Mężczyzna,NA,NA,mgr,WhyR? 2017,NA,NA
Mężczyzna,NA,NA,mgr inż.,WhyR? 2017,NA,NA
Kobieta,29,NA,mgr inż.,WhyR? 2017,NA,NA
Mężczyzna,NA,NA,mgr,WhyR? 2017,NA,NA
Mężczyzna,NA,NA,mgr,WhyR? 2017,NA,NA
Kobieta,33,NA,NA,WhyR? 2017,NA,NA
Mężczyzna,32,NA,dr,WhyR? 2017,NA,NA
Mężczyzna,28,NA,mgr,WhyR? 2017,NA,NA
Mężczyzna,26,NA,mgr,WhyR? 2017,NA,NA
Mężczyzna,34,NA,dr,WhyR? 2017,NA,NA
Mężczyzna,30,NA,mgr,WhyR? 2017,NA,NA
Kobieta,NA,NA,mgr,WhyR? 2017,NA,NA
Mężczyzna,NA,NA,NA,WhyR? 2017,NA,NA
Mężczyzna,35,NA,mgr,WhyR? 2017,NA,NA
Mężczyzna,NA,NA,mgr,WhyR? 2017,NA,NA
Kobieta,NA,NA,NA,WhyR? 2017,NA,NA
Kobieta,26,NA,mgr,WhyR? 2017,NA,NA
Mężczyzna,NA,NA,lic.,WhyR? 2017,NA,NA
Mężczyzna,NA,NA,dr inż.,WhyR? 2017,NA,NA
Mężczyzna,0,NA,NA,WhyR? 2017,NA,NA
Kobieta,NA,NA,lic.,WhyR? 2017,NA,NA
Mężczyzna,NA,NA,NA,WhyR? 2017,NA,NA
Mężczyzna,40,NA,NA,WhyR? 2017,NA,NA
Kobieta,36,NA,dr,WhyR? 2017,NA,NA
Mężczyzna,NA,NA,NA,WhyR? 2017,NA,NA
Kobieta,NA,NA,lic.,WhyR? 2017,NA,NA
Mężczyzna,NA,NA,NA,WhyR? 2017,NA,NA
Mężczyzna,35,NA,mgr inż.,WhyR? 2017,NA,NA
Kobieta,NA,NA,NA,WhyR? 2017,NA,NA
Mężczyzna,NA,NA,mgr inż.,WhyR? 2017,NA,NA
Kobieta,NA,NA,mgr inż.,WhyR? 2017,NA,NA
Mężczyzna,36,NA,mgr,WhyR? 2017,NA,NA
Kobieta,NA,NA,mgr,WhyR? 2017,NA,NA
Mężczyzna,38,NA,inż.,WhyR? 2017,NA,NA
Kobieta,NA,NA,mgr,WhyR? 2017,NA,NA
Kobieta,NA,NA,dr,WhyR? 2017,NA,NA
Kobieta,NA,NA,NA,WhyR? 2017,NA,NA
Mężczyzna,31,NA,NA,WhyR? 2017,NA,NA
Kobieta,31,NA,mgr,WhyR? 2017,NA,NA
Mężczyzna,NA,NA,dr,WhyR? 2017,NA,NA
Mężczyzna,NA,NA,mgr,WhyR? 2017,NA,NA
Kobieta,NA,NA,mgr,WhyR? 2017,NA,NA
Mężczyzna,NA,NA,dr,WhyR? 2017,NA,NA
Kobieta,52,NA,dr,WhyR? 2017,NA,NA
Mężczyzna,NA,NA,dr hab.,WhyR? 2017,NA,NA
Kobieta,NA,NA,NA,WhyR? 2017,NA,NA
Mężczyzna,38,NA,mgr,WhyR? 2017,NA,NA
Mężczyzna,NA,NA,mgr,WhyR? 2017,NA,NA
Mężczyzna,31,NA,mgr,WhyR? 2017,NA,NA
Mężczyzna,NA,NA,NA,WhyR? 2017,NA,NA
Mężczyzna,39,NA,mgr,WhyR? 2017,NA,NA
Mężczyzna,NA,NA,dr,WhyR? 2017,NA,NA
Mężczyzna,NA,NA,NA,WhyR? 2017,NA,NA
Mężczyzna,0,NA,inż.,WhyR? 2017,NA,NA
Mężczyzna,36,NA,mgr,WhyR? 2017,NA,NA
Mężczyzna,48,NA,NA,WhyR? 2017,NA,NA
Kobieta,NA,NA,dr inż.,WhyR? 2017,NA,NA
Mężczyzna,37,NA,dr,WhyR? 2017,NA,NA
Kobieta,NA,NA,NA,WhyR? 2017,NA,NA
Mężczyzna,33,NA,dr,WhyR? 2017,NA,NA
Mężczyzna,NA,NA,NA,WhyR? 2017,NA,NA
Mężczyzna,NA,NA,mgr inż.,WhyR? 2017,NA,NA
Mężczyzna,NA,NA,NA,WhyR? 2017,NA,NA
Mężczyzna,NA,NA,NA,WhyR? 2017,NA,NA
Mężczyzna,NA,NA,mgr,WhyR? 2017,NA,NA
Mężczyzna,NA,NA,mgr,WhyR? 2017,NA,NA
Mężczyzna,NA,NA,NA,WhyR? 2017,NA,NA
Kobieta,33,NA,NA,WhyR? 2017,NA,NA
Mężczyzna,26,NA,NA,WhyR? 2017,NA,NA
Mężczyzna,NA,NA,mgr inż.,WhyR? 2017,NA,NA
Mężczyzna,NA,NA,dr,WhyR? 2017,NA,NA
Kobieta,30,NA,mgr,WhyR? 2017,NA,NA
Mężczyzna,NA,NA,inż.,WhyR? 2017,NA,NA
Kobieta,NA,NA,lic.,WhyR? 2017,NA,NA
Kobieta,34,NA,mgr inż.,WhyR? 2017,NA,NA
Mężczyzna,33,NA,dr,WhyR? 2017,NA,NA
Kobieta,56,NA,dr hab.,WhyR? 2017,NA,NA
Mężczyzna,NA,NA,dr,WhyR? 2017,NA,NA
Mężczyzna,NA,NA,dr hab.,WhyR? 2017,NA,NA
Mężczyzna,29,NA,mgr,WhyR? 2017,NA,NA
Mężczyzna,NA,NA,mgr,WhyR? 2017,NA,NA
Mężczyzna,33,NA,mgr inż.,WhyR? 2017,NA,NA
Mężczyzna,NA,NA,NA,WhyR? 2017,NA,NA
Mężczyzna,28,NA,NA,WhyR? 2017,NA,NA
Mężczyzna,26,NA,mgr,WhyR? 2017,NA,NA
Mężczyzna,NA,NA,prof. nzw. dr hab. inż.,WhyR? 2017,NA,NA
Mężczyzna,NA,NA,mgr inż.,WhyR? 2017,NA,NA
Mężczyzna,NA,NA,mgr,WhyR? 2017,NA,NA
Mężczyzna,NA,NA,dr hab.,WhyR? 2017,NA,NA
Mężczyzna,NA,NA,dr hab.,WhyR? 2017,NA,NA
Mężczyzna,NA,NA,dr,WhyR? 2017,NA,NA
Mężczyzna,NA,NA,mgr,WhyR? 2017,NA,NA
Kobieta,NA,NA,dr,WhyR? 2017,NA,NA
Mężczyzna,NA,NA,dr,WhyR? 2017,NA,NA
Mężczyzna,NA,NA,mgr inż.,WhyR? 2017,NA,NA
Kobieta,24,NA,lic.,WhyR? 2017,NA,NA
Kobieta,NA,NA,lic.,WhyR? 2017,NA,NA
Kobieta,NA,NA,mgr,WhyR? 2017,NA,NA
Kobieta,0,NA,mgr,WhyR? 2017,NA,NA
Mężczyzna,27,NA,mgr,WhyR? 2017,NA,NA
Kobieta,NA,NA,NA,WhyR? 2017,NA,NA
Kobieta,26,NA,NA,WhyR? 2017,NA,NA
Mężczyzna,NA,NA,NA,WhyR? 2017,NA,NA
Kobieta,30,NA,mgr,WhyR? 2017,NA,NA
Kobieta,NA,NA,lic.,WhyR? 2017,NA,NA
Kobieta,NA,NA,NA,WhyR? 2017,NA,NA
Kobieta,NA,NA,mgr,WhyR? 2017,NA,NA
Kobieta,NA,NA,prof. nzw. dr hab.,WhyR? 2017,NA,NA
male,NA,NA,NA,PyData 2018,NA,NA
male,NA,NA,NA,PyData 2018,NA,NA
male,NA,NA,NA,PyData 2018,NA,NA
male,NA,NA,NA,PyData 2018,NA,NA
male,NA,NA,NA,PyData 2018,NA,NA
male,NA,NA,NA,PyData 2018,NA,NA
female,NA,NA,NA,PyData 2018,NA,NA
male,NA,NA,NA,PyData 2018,NA,NA
male,NA,NA,NA,PyData 2018,NA,NA
male,NA,NA,NA,PyData 2018,NA,NA
male,NA,NA,NA,PyData 2018,NA,NA
male,NA,NA,NA,PyData 2018,NA,NA
female,NA,NA,NA,PyData 2018,NA,NA
female,NA,NA,NA,PyData 2018,NA,NA
male,NA,NA,NA,PyData 2018,NA,NA
male,NA,NA,NA,PyData 2018,NA,NA
male,NA,NA,NA,PyData 2018,NA,NA
female,NA,NA,NA,PyData 2018,NA,NA
female,NA,NA,NA,PyData 2018,NA,NA
male,NA,NA,NA,PyData 2018,NA,NA
male,NA,NA,NA,PyData 2018,NA,NA
male,NA,NA,NA,PyData 2018,NA,NA
male,NA,NA,NA,PyData 2018,NA,NA
male,NA,NA,NA,PyData 2018,NA,NA
male,NA,NA,NA,PyData 2018,NA,NA
male,NA,NA,NA,PyData 2018,NA,NA
female,NA,NA,NA,PyData 2018,NA,NA
male,NA,NA,NA,PyData 2018,NA,NA
female,NA,NA,NA,PyData 2018,NA,NA
male,NA,NA,NA,PyData 2018,NA,NA
male,NA,NA,NA,PyData 2018,NA,NA
male,NA,NA,NA,PyData 2018,NA,NA
male,NA,NA,NA,PyData 2018,NA,NA
male,NA,NA,NA,PyData 2018,NA,NA
male,NA,NA,NA,PyData 2018,NA,NA
male,NA,NA,NA,PyData 2018,NA,NA
male,NA,NA,NA,PyData 2018,NA,NA
male,NA,NA,NA,PyData 2018,NA,NA
male,NA,NA,NA,PyData 2018,NA,NA
female,NA,NA,NA,PyData 2018,NA,NA
female,NA,NA,NA,PyData 2018,NA,NA
male,NA,NA,NA,PyData 2018,NA,NA
male,NA,NA,NA,PyData 2018,NA,NA
male,NA,NA,NA,PyData 2018,NA,NA
male,NA,NA,NA,PyData 2018,NA,NA
male,NA,NA,NA,PyData 2018,NA,NA
male,NA,NA,NA,PyData 2018,NA,NA
male,NA,NA,NA,PyData 2018,NA,NA
male,NA,NA,NA,PyData 2018,NA,NA
male,NA,NA,NA,PyData 2018,NA,NA
male,NA,NA,NA,PyData 2018,NA,NA
male,NA,NA,NA,PyData 2018,NA,NA
male,NA,NA,NA,PyData 2018,NA,NA
male,NA,NA,NA,PyData 2018,NA,NA
NA,NA,NA,NA,PyData 2018,NA,NA
male,NA,NA,NA,PyData 2018,NA,NA
female,NA,NA,NA,PyData 2018,NA,NA
female,NA,NA,NA,PyData 2018,NA,NA
male,NA,NA,NA,PyData 2018,NA,NA
male,NA,NA,NA,PyData 2018,NA,NA
female,NA,NA,NA,PyData 2018,NA,NA
female,NA,NA,NA,PyData 2018,NA,NA
male,NA,NA,NA,PyData 2018,NA,NA
female,NA,NA,NA,PyData 2018,NA,NA
female,NA,NA,NA,PyData 2018,NA,NA
male,NA,NA,NA,PyData 2018,NA,NA
female,NA,NA,NA,PyData 2018,NA,NA
male,NA,NA,NA,PyData 2018,NA,NA
male,NA,NA,NA,PyData 2018,NA,NA
NA,NA,NA,NA,PyData 2018,NA,NA
male,NA,NA,NA,PyData 2018,NA,NA
male,NA,NA,NA,PyData 2018,NA,NA
male,NA,NA,NA,PyData 2018,NA,NA
female,NA,NA,NA,PyData 2018,NA,NA
male,NA,NA,NA,PyData 2018,NA,NA
male,NA,NA,NA,PyData 2018,NA,NA
female,NA,NA,NA,PyData 2018,NA,NA
female,NA,NA,NA,PyData 2018,NA,NA
male,NA,NA,NA,PyData 2018,NA,NA
male,NA,NA,NA,PyData 2018,NA,NA
male,NA,NA,NA,PyData 2018,NA,NA
male,NA,NA,NA,PyData 2018,NA,NA
male,NA,NA,NA,PyData 2018,NA,NA
male,NA,NA,NA,PyData 2018,NA,NA
male,NA,NA,NA,PyData 2018,NA,NA
female,NA,NA,NA,PyData 2018,NA,NA
male,NA,NA,NA,PyData 2018,NA,NA
female,NA,NA,NA,PyData 2018,NA,NA
male,NA,NA,NA,PyData 2018,NA,NA
male,NA,NA,NA,PyData 2018,NA,NA
male,NA,NA,NA,PyData 2018,NA,NA
male,NA,NA,NA,PyData 2018,NA,NA
male,NA,NA,NA,PyData 2018,NA,NA
male,NA,NA,NA,PyData 2018,NA,NA
male,NA,NA,NA,PyData 2018,NA,NA
female,NA,NA,NA,PyData 2018,NA,NA
male,NA,NA,NA,PyData 2018,NA,NA
male,NA,NA,NA,PyData 2018,NA,NA
female,NA,NA,NA,PyData 2018,NA,NA
male,NA,NA,NA,PyData 2018,NA,NA
male,NA,NA,NA,PyData 2018,NA,NA
male,NA,NA,NA,PyData 2018,NA,NA
male,NA,NA,NA,PyData 2018,NA,NA
male,NA,NA,NA,PyData 2018,NA,NA
male,NA,NA,NA,PyData 2018,NA,NA
male,NA,NA,NA,PyData 2018,NA,NA
female,NA,NA,NA,PyData 2018,NA,NA
male,NA,NA,NA,PyData 2018,NA,NA
male,NA,NA,NA,PyData 2018,NA,NA
male,NA,NA,NA,PyData 2018,NA,NA
male,NA,NA,NA,PyData 2018,NA,NA
male,NA,NA,NA,PyData 2018,NA,NA
male,NA,NA,NA,PyData 2018,NA,NA
male,NA,NA,NA,PyData 2018,NA,NA
female,NA,NA,NA,PyData 2018,NA,NA
male,NA,NA,NA,PyData 2018,NA,NA
male,NA,NA,NA,PyData 2018,NA,NA
female,NA,NA,NA,PyData 2018,NA,NA
male,NA,NA,NA,PyData 2018,NA,NA
male,NA,NA,NA,PyData 2018,NA,NA
male,NA,NA,NA,PyData 2018,NA,NA
NA,NA,NA,NA,PyData 2018,NA,NA
male,NA,NA,NA,PyData 2018,NA,NA
female,NA,NA,NA,PyData 2018,NA,NA
male,NA,NA,NA,PyData 2018,NA,NA
male,NA,NA,NA,PyData 2018,NA,NA
female,NA,NA,NA,PyData 2018,NA,NA
male,NA,NA,NA,PyData 2018,NA,NA
male,NA,NA,NA,PyData 2018,NA,NA
male,NA,NA,NA,PyData 2018,NA,NA
male,NA,NA,NA,PyData 2018,NA,NA
female,NA,NA,NA,PyData 2018,NA,NA
male,NA,NA,NA,PyData 2018,NA,NA
male,NA,NA,NA,PyData 2018,NA,NA
male,NA,NA,NA,PyData 2018,NA,NA
male,NA,NA,NA,PyData 2018,NA,NA
male,NA,NA,NA,PyData 2018,NA,NA
female,NA,NA,NA,PyData 2018,NA,NA
male,NA,NA,NA,PyData 2018,NA,NA
male,NA,NA,NA,PyData 2018,NA,NA
female,NA,NA,NA,PyData 2018,NA,NA
male,NA,NA,NA,PyData 2018,NA,NA
female,NA,NA,NA,PyData 2018,NA,NA
male,NA,NA,NA,PyData 2018,NA,NA
male,NA,NA,NA,PyData 2018,NA,NA
male,NA,NA,NA,PyData 2018,NA,NA
male,NA,NA,NA,PyData 2018,NA,NA
male,NA,NA,NA,PyData 2018,NA,NA
female,NA,NA,NA,PyData 2018,NA,NA
male,NA,NA,NA,PyData 2018,NA,NA
male,NA,NA,NA,PyData 2018,NA,NA
female,NA,NA,NA,PyData 2018,NA,NA
NA,NA,NA,NA,PyData 2018,NA,NA
male,NA,NA,NA,PyData 2018,NA,NA
male,NA,NA,NA,PyData 2018,NA,NA
male,NA,NA,NA,PyData 2018,NA,NA
male,NA,NA,NA,PyData 2018,NA,NA
male,NA,NA,NA,PyData 2018,NA,NA
NA,NA,NA,NA,PyData 2018,NA,NA
male,NA,NA,NA,PyData 2018,NA,NA
male,NA,NA,NA,PyData 2018,NA,NA
male,NA,NA,NA,PyData 2018,NA,NA
male,NA,NA,NA,PyData 2018,NA,NA
male,NA,NA,NA,PyData 2018,NA,NA
male,NA,NA,NA,PyData 2018,NA,NA
male,NA,NA,NA,PyData 2018,NA,NA
male,NA,NA,NA,PyData 2018,NA,NA
male,NA,NA,NA,PyData 2018,NA,NA
male,NA,NA,NA,PyData 2018,NA,NA
male,NA,NA,NA,PyData 2018,NA,NA
male,NA,NA,NA,PyData 2018,NA,NA
male,NA,NA,NA,PyData 2018,NA,NA
female,NA,NA,NA,PyData 2018,NA,NA
male,NA,NA,NA,PyData 2018,NA,NA
female,NA,NA,NA,PyData 2018,NA,NA
male,NA,NA,NA,PyData 2018,NA,NA
female,NA,NA,NA,PyData 2018,NA,NA
male,NA,NA,NA,PyData 2018,NA,NA
male,NA,NA,NA,PyData 2018,NA,NA
male,NA,NA,NA,PyData 2018,NA,NA
female,NA,NA,NA,PyData 2018,NA,NA
female,NA,NA,NA,PyData 2018,NA,NA
male,NA,NA,NA,PyData 2018,NA,NA
male,NA,NA,NA,PyData 2018,NA,NA
female,NA,NA,NA,PyData 2018,NA,NA
male,NA,NA,NA,PyData 2018,NA,NA
male,NA,NA,NA,PyData 2018,NA,NA
male,NA,NA,NA,PyData 2018,NA,NA
male,NA,NA,NA,PyData 2018,NA,NA
male,NA,NA,NA,PyData 2018,NA,NA
male,NA,NA,NA,PyData 2018,NA,NA
male,NA,NA,NA,PyData 2018,NA,NA
male,NA,NA,NA,PyData 2018,NA,NA
male,NA,NA,NA,PyData 2018,NA,NA
male,NA,NA,NA,PyData 2018,NA,NA
male,NA,NA,NA,PyData 2018,NA,NA
male,NA,NA,NA,PyData 2018,NA,NA
male,NA,NA,NA,PyData 2018,NA,NA
male,NA,NA,NA,PyData 2018,NA,NA
male,NA,NA,NA,PyData 2018,NA,NA
male,NA,NA,NA,PyData 2018,NA,NA
male,NA,NA,NA,PyData 2018,NA,NA
male,NA,NA,NA,PyData 2018,NA,NA
female,NA,NA,NA,PyData 2018,NA,NA
male,NA,NA,NA,PyData 2018,NA,NA
NA,NA,NA,NA,PyData 2018,NA,NA
male,NA,NA,NA,PyData 2018,NA,NA
male,NA,NA,NA,PyData 2018,NA,NA
male,NA,NA,NA,PyData 2018,NA,NA
male,NA,NA,NA,PyData 2018,NA,NA
male,NA,NA,NA,PyData 2018,NA,NA
male,NA,NA,NA,PyData 2018,NA,NA
male,NA,NA,NA,PyData 2018,NA,NA
male,NA,NA,NA,PyData 2018,NA,NA
male,NA,NA,NA,PyData 2018,NA,NA
male,NA,NA,NA,PyData 2018,NA,NA
male,NA,NA,NA,PyData 2018,NA,NA
female,NA,NA,NA,PyData 2018,NA,NA
male,NA,NA,NA,PyData 2018,NA,NA
male,NA,NA,NA,PyData 2018,NA,NA
male,NA,NA,NA,PyData 2018,NA,NA
female,NA,NA,NA,PyData 2018,NA,NA
male,NA,NA,NA,PyData 2018,NA,NA
male,NA,NA,NA,PyData 2018,NA,NA
male,NA,NA,NA,PyData 2018,NA,NA
male,NA,NA,NA,PyData 2018,NA,NA
male,NA,NA,NA,PyData 2018,NA,NA
female,NA,NA,NA,PyData 2018,NA,NA
female,NA,NA,NA,PyData 2018,NA,NA
female,NA,NA,NA,PyData 2018,NA,NA
female,NA,NA,NA,PyData 2018,NA,NA
female,NA,NA,NA,PyData 2018,NA,NA
male,NA,NA,NA,PyData 2018,NA,NA
female,NA,NA,NA,PyData 2018,NA,NA
male,NA,NA,NA,PyData 2018,NA,NA
male,NA,NA,NA,PyData 2018,NA,NA
male,NA,NA,NA,PyData 2018,NA,NA
male,NA,NA,NA,PyData 2018,NA,NA
male,NA,NA,NA,PyData 2018,NA,NA
female,NA,NA,NA,PyData 2018,NA,NA
male,NA,NA,NA,PyData 2018,NA,NA
male,NA,NA,NA,PyData 2018,NA,NA
female,NA,NA,NA,PyData 2018,NA,NA
male,NA,NA,NA,PyData 2018,NA,NA
male,NA,NA,NA,PyData 2018,NA,NA
male,NA,NA,NA,PyData 2018,NA,NA
male,NA,NA,NA,PyData 2018,NA,NA
male,NA,NA,NA,PyData 2018,NA,NA
male,NA,NA,NA,PyData 2018,NA,NA
male,NA,NA,NA,PyData 2018,NA,NA
male,NA,NA,NA,PyData 2018,NA,NA
male,NA,NA,NA,PyData 2018,NA,NA
male,NA,NA,NA,PyData 2018,NA,NA
NA,NA,NA,NA,PyData 2018,NA,NA
male,NA,NA,NA,PyData 2018,NA,NA
male,NA,NA,NA,PyData 2018,NA,NA
male,NA,NA,NA,PyData 2018,NA,NA
male,NA,NA,NA,PyData 2018,NA,NA
male,NA,NA,NA,PyData 2018,NA,NA
male,NA,NA,NA,PyData 2018,NA,NA
male,NA,NA,NA,PyData 2018,NA,NA
male,NA,NA,NA,PyData 2018,NA,NA
male,NA,NA,NA,PyData 2018,NA,NA
male,NA,NA,NA,PyData 2018,NA,NA
male,NA,NA,NA,PyData 2018,NA,NA
male,NA,NA,NA,PyData 2018,NA,NA
male,NA,NA,NA,PyData 2018,NA,NA
male,NA,NA,NA,PyData 2018,NA,NA
male,NA,NA,NA,PyData 2018,NA,NA
male,NA,NA,NA,PyData 2018,NA,NA
female,NA,NA,NA,PyData 2018,NA,NA
male,NA,NA,NA,PyData 2018,NA,NA
male,NA,NA,NA,PyData 2018,NA,NA
male,NA,NA,NA,PyData 2018,NA,NA
male,NA,NA,NA,PyData 2018,NA,NA
female,NA,NA,NA,PyData 2018,NA,NA
male,NA,NA,NA,PyData 2018,NA,NA
male,NA,NA,NA,PyData 2018,NA,NA
male,NA,NA,NA,PyData 2018,NA,NA
male,NA,NA,NA,PyData 2018,NA,NA
male,NA,NA,NA,PyData 2018,NA,NA
male,NA,NA,NA,PyData 2018,NA,NA
male,NA,NA,NA,PyData 2018,NA,NA
female,NA,NA,NA,PyData 2018,NA,NA
